Categoria do Produto,Filial,Nome do Produto,Preço do Produto (R$),Quantidade em Estoque,Data da Venda
Roupas,Filial 1,Lápis de sobrancelha,55.17,62,2023-04-13 18:58:06.794203
Eletrônicos,Filial 9,Batom matte,74.15,48,2023-06-03 18:58:06.794203
Roupas,Filial 5,Corretivo,54.86,36,2023-06-08 18:58:06.794203
Roupas,Filial 8,Delineador líquido,91.29,1,2023-02-27 18:58:06.794203
Roupas,Filial 2,Batom líquido,44.65,52,2022-09-05 18:58:06.794203
Eletrônicos,Filial 3,Base líquida,5.22,85,2022-09-11 18:58:06.794203
Eletrônicos,Filial 6,Máscara de cílios,1.08,31,2023-02-08 18:58:06.794203
Alimentos,Filial 5,Corretivo,56.22,76,2022-12-08 18:58:06.794203
Roupas,Filial 2,Batom matte,94.01,7,2023-07-18 18:58:06.794203
Alimentos,Filial 10,Lápis de sobrancelha,51.38,4,2023-06-19 18:58:06.794203
Eletrônicos,Filial 10,Pó compacto,5.59,82,2023-07-19 18:58:06.794203
Eletrônicos,Filial 3,Pó compacto,2.65,8,2023-05-24 18:58:06.794203
Roupas,Filial 1,Corretivo,68.62,6,2023-01-24 18:58:06.794203
Alimentos,Filial 6,Pó compacto,80.94,70,2023-06-07 18:58:06.794203
Alimentos,Filial 9,Batom matte,26.79,86,2023-01-10 18:58:06.794203
Alimentos,Filial 5,Base líquida,55.08,14,2023-02-09 18:58:06.794203
Alimentos,Filial 2,Base líquida,51.34,13,2022-10-24 18:58:06.794203
Alimentos,Filial 8,Sombra de olhos,31.07,45,2023-03-06 18:58:06.794203
Eletrodomésticos,Filial 7,Sombra de olhos,78.94,44,2022-11-12 18:58:06.794203
Eletrônicos,Filial 9,Batom matte,41.15,91,2023-02-03 18:58:06.794203
Eletrônicos,Filial 4,Base líquida,44.47,39,2023-07-31 18:58:06.794203
Roupas,Filial 3,Sombra de olhos,32.8,23,2023-06-07 18:58:06.794203
Alimentos,Filial 3,Delineador líquido,90.62,70,2022-10-31 18:58:06.794203
Eletrônicos,Filial 1,Pó compacto,66.56,89,2023-03-04 18:58:06.794203
Eletrônicos,Filial 8,Delineador líquido,57.56,77,2023-01-27 18:58:06.794203
Alimentos,Filial 3,Batom matte,40.92,13,2023-04-25 18:58:06.794203
Eletrônicos,Filial 10,Delineador líquido,65.96,73,2022-09-20 18:58:06.794203
Roupas,Filial 5,Lápis de sobrancelha,87.64,25,2023-03-09 18:58:06.794203
Alimentos,Filial 3,Sombra de olhos,61.21,22,2023-02-06 18:58:06.794203
Eletrodomésticos,Filial 8,Delineador líquido,12.77,57,2023-05-15 18:58:06.794203
Roupas,Filial 10,Blush em pó,86.67,61,2023-07-06 18:58:06.794203
Eletrodomésticos,Filial 6,Base líquida,26.87,56,2023-07-24 18:58:06.794203
Roupas,Filial 2,Batom líquido,83.86,33,2023-05-02 18:58:06.794203
Eletrônicos,Filial 3,Base líquida,89.13,49,2023-07-07 18:58:06.794203
Eletrônicos,Filial 2,Base líquida,12.08,87,2023-04-15 18:58:06.794203
Eletrônicos,Filial 4,Lápis de sobrancelha,73.5,67,2022-11-07 18:58:06.794203
Eletrodomésticos,Filial 2,Delineador líquido,90.34,76,2023-06-16 18:58:06.794203
Eletrônicos,Filial 4,Batom matte,5.74,1,2022-12-15 18:58:06.794203
Roupas,Filial 3,Batom matte,47.47,62,2023-02-01 18:58:06.794203
Alimentos,Filial 9,Delineador líquido,87.52,43,2023-08-22 18:58:06.794203
Alimentos,Filial 10,Delineador líquido,14.57,72,2023-05-20 18:58:06.794203
Roupas,Filial 8,Corretivo,69.69,9,2023-02-03 18:58:06.794203
Eletrônicos,Filial 5,Batom matte,62.96,12,2023-05-02 18:58:06.794203
Eletrônicos,Filial 1,Lápis de sobrancelha,52.49,57,2023-03-10 18:58:06.794203
Roupas,Filial 5,Sombra de olhos,85.51,5,2023-04-17 18:58:06.794203
Roupas,Filial 5,Base líquida,8.72,48,2023-05-16 18:58:06.794203
Eletrodomésticos,Filial 10,Batom líquido,78.58,89,2022-12-16 18:58:06.794203
Eletrônicos,Filial 9,Batom matte,23.8,28,2022-10-14 18:58:06.794203
Eletrodomésticos,Filial 3,Lápis de sobrancelha,36.96,5,2022-11-05 18:58:06.794203
Eletrônicos,Filial 6,Batom matte,13.84,2,2023-04-30 18:58:06.794203
Eletrodomésticos,Filial 7,Base líquida,23.45,69,2023-04-28 18:58:06.794203
Eletrônicos,Filial 3,Corretivo,31.88,19,2023-02-15 18:58:06.794203
Eletrodomésticos,Filial 3,Máscara de cílios,73.9,83,2023-07-02 18:58:06.794203
Roupas,Filial 5,Batom líquido,48.62,32,2023-05-27 18:58:06.794203
Eletrodomésticos,Filial 8,Batom matte,46.32,52,2023-04-12 18:58:06.794203
Alimentos,Filial 4,Base líquida,6.9,10,2023-03-23 18:58:06.794203
Eletrodomésticos,Filial 2,Pó compacto,26.51,10,2022-10-27 18:58:06.794203
Roupas,Filial 9,Máscara de cílios,37.52,55,2023-02-13 18:58:06.794203
Roupas,Filial 9,Lápis de sobrancelha,18.37,29,2023-01-01 18:58:06.794203
Alimentos,Filial 3,Sombra de olhos,75.04,90,2023-08-29 18:58:06.794203
Alimentos,Filial 8,Pó compacto,9.59,46,2023-03-31 18:58:06.794203
Eletrônicos,Filial 5,Corretivo,84.24,27,2023-03-07 18:58:06.794203
Eletrodomésticos,Filial 2,Base líquida,22.41,97,2022-09-11 18:58:06.794203
Roupas,Filial 10,Lápis de sobrancelha,18.03,7,2023-01-26 18:58:06.794203
Eletrônicos,Filial 2,Batom matte,56.88,49,2023-02-01 18:58:06.794203
Eletrônicos,Filial 4,Pó compacto,71.07,10,2023-01-01 18:58:06.794203
Alimentos,Filial 10,Corretivo,80.43,2,2023-08-03 18:58:06.794203
Eletrônicos,Filial 10,Batom líquido,67.95,50,2022-10-06 18:58:06.794203
Eletrônicos,Filial 9,Lápis de sobrancelha,15.85,89,2023-01-09 18:58:06.794203
Alimentos,Filial 7,Sombra de olhos,39.86,31,2023-07-02 18:58:06.794203
Eletrônicos,Filial 3,Lápis de sobrancelha,14.98,40,2023-06-04 18:58:06.794203
Roupas,Filial 9,Corretivo,6.9,91,2023-02-23 18:58:06.794203
Roupas,Filial 3,Batom matte,57.28,10,2023-07-31 18:58:06.794203
Eletrodomésticos,Filial 6,Corretivo,11.71,77,2022-11-18 18:58:06.794203
Eletrodomésticos,Filial 2,Blush em pó,60.0,23,2022-11-19 18:58:06.794203
Eletrônicos,Filial 8,Sombra de olhos,94.51,72,2023-01-14 18:58:06.794203
Alimentos,Filial 7,Sombra de olhos,86.96,89,2022-11-25 18:58:06.794203
Eletrônicos,Filial 1,Máscara de cílios,36.37,50,2022-09-29 18:58:06.794203
Eletrônicos,Filial 5,Sombra de olhos,9.36,72,2023-07-21 18:58:06.794203
Eletrodomésticos,Filial 6,Delineador líquido,43.3,78,2023-02-11 18:58:06.794203
Alimentos,Filial 1,Batom matte,75.34,75,2023-01-02 18:58:06.794203
Eletrônicos,Filial 10,Sombra de olhos,40.39,84,2022-12-16 18:58:06.794203
Eletrodomésticos,Filial 2,Delineador líquido,11.05,15,2022-12-26 18:58:06.794203
Eletrônicos,Filial 10,Pó compacto,39.21,26,2022-12-19 18:58:06.794203
Alimentos,Filial 8,Delineador líquido,48.01,46,2023-02-14 18:58:06.794203
Eletrodomésticos,Filial 8,Máscara de cílios,1.65,79,2022-10-21 18:58:06.794203
Eletrodomésticos,Filial 2,Máscara de cílios,43.61,75,2022-09-26 18:58:06.794203
Eletrônicos,Filial 3,Lápis de sobrancelha,75.25,11,2023-08-04 18:58:06.794203
Alimentos,Filial 2,Máscara de cílios,55.73,25,2023-06-06 18:58:06.794203
Roupas,Filial 6,Corretivo,11.96,7,2023-03-25 18:58:06.794203
Alimentos,Filial 6,Batom líquido,84.91,88,2022-09-22 18:58:06.794203
Eletrodomésticos,Filial 2,Pó compacto,83.6,47,2023-06-23 18:58:06.794203
Eletrodomésticos,Filial 7,Lápis de sobrancelha,87.64,22,2023-08-17 18:58:06.794203
Eletrônicos,Filial 5,Base líquida,79.79,98,2023-06-06 18:58:06.794203
Alimentos,Filial 5,Pó compacto,18.36,67,2022-09-12 18:58:06.794203
Eletrônicos,Filial 3,Batom líquido,40.28,67,2023-03-03 18:58:06.794203
Eletrônicos,Filial 4,Sombra de olhos,41.92,79,2023-01-29 18:58:06.794203
Eletrodomésticos,Filial 6,Pó compacto,48.15,82,2022-12-03 18:58:06.794203
Eletrodomésticos,Filial 6,Delineador líquido,30.29,96,2023-02-27 18:58:06.794203
Eletrônicos,Filial 3,Pó compacto,98.66,86,2023-07-06 18:58:06.794203
Eletrônicos,Filial 5,Delineador líquido,61.41,14,2023-07-06 18:58:06.794203
Alimentos,Filial 7,Batom matte,99.22,4,2022-11-24 18:58:06.794203
Eletrodomésticos,Filial 10,Sombra de olhos,61.0,28,2022-12-24 18:58:06.794203
Eletrônicos,Filial 9,Blush em pó,18.86,45,2023-05-14 18:58:06.794203
Eletrônicos,Filial 5,Lápis de sobrancelha,33.76,97,2023-04-23 18:58:06.794203
Alimentos,Filial 9,Delineador líquido,67.41,3,2023-01-17 18:58:06.794203
Eletrônicos,Filial 3,Delineador líquido,58.3,93,2022-10-22 18:58:06.794203
Eletrodomésticos,Filial 9,Batom líquido,57.95,63,2022-10-28 18:58:06.794203
Alimentos,Filial 2,Base líquida,66.9,63,2023-03-13 18:58:06.794203
Eletrodomésticos,Filial 3,Corretivo,35.55,48,2023-03-08 18:58:06.794203
Eletrônicos,Filial 7,Lápis de sobrancelha,51.94,55,2023-04-28 18:58:06.794203
Alimentos,Filial 7,Sombra de olhos,86.0,54,2023-08-06 18:58:06.794203
Eletrônicos,Filial 3,Máscara de cílios,73.84,27,2023-02-19 18:58:06.794203
Eletrônicos,Filial 5,Lápis de sobrancelha,34.84,55,2022-11-01 18:58:06.794203
Roupas,Filial 6,Batom líquido,41.5,72,2023-03-18 18:58:06.794203
Roupas,Filial 6,Lápis de sobrancelha,92.31,50,2023-03-10 18:58:06.794203
Eletrodomésticos,Filial 2,Delineador líquido,20.64,18,2022-10-09 18:58:06.794203
Alimentos,Filial 7,Batom líquido,94.09,81,2022-12-14 18:58:06.794203
Eletrodomésticos,Filial 5,Máscara de cílios,60.69,47,2022-11-14 18:58:06.794203
Roupas,Filial 1,Máscara de cílios,11.55,5,2022-11-21 18:58:06.794203
Roupas,Filial 8,Corretivo,95.51,56,2022-11-21 18:58:06.794203
Eletrônicos,Filial 8,Máscara de cílios,89.33,8,2023-06-19 18:58:06.794203
Eletrônicos,Filial 9,Batom líquido,49.56,38,2022-11-25 18:58:06.794203
Alimentos,Filial 4,Delineador líquido,98.97,30,2023-08-30 18:58:06.794203
Eletrodomésticos,Filial 3,Sombra de olhos,89.56,85,2022-09-10 18:58:06.794203
Eletrodomésticos,Filial 3,Base líquida,77.81,20,2023-01-20 18:58:06.794203
Alimentos,Filial 3,Base líquida,75.06,24,2023-06-21 18:58:06.794203
Eletrodomésticos,Filial 8,Batom líquido,88.5,8,2023-09-05 18:58:06.794203
Eletrônicos,Filial 1,Corretivo,17.84,59,2022-09-30 18:58:06.794203
Alimentos,Filial 8,Base líquida,64.88,81,2023-04-02 18:58:06.794203
Alimentos,Filial 4,Batom matte,69.6,25,2023-03-19 18:58:06.794203
Roupas,Filial 2,Corretivo,24.02,85,2022-12-27 18:58:06.794203
Roupas,Filial 2,Pó compacto,67.19,63,2023-01-13 18:58:06.794203
Roupas,Filial 6,Corretivo,67.23,28,2022-10-30 18:58:06.794203
Alimentos,Filial 9,Blush em pó,86.85,40,2022-10-07 18:58:06.794203
Roupas,Filial 9,Lápis de sobrancelha,41.75,98,2023-07-25 18:58:06.794203
Roupas,Filial 3,Pó compacto,52.42,38,2022-11-20 18:58:06.794203
Alimentos,Filial 9,Delineador líquido,17.13,99,2022-12-04 18:58:06.794203
Eletrodomésticos,Filial 7,Blush em pó,22.72,51,2023-06-28 18:58:06.794203
Roupas,Filial 8,Máscara de cílios,35.28,69,2023-02-23 18:58:06.794203
Roupas,Filial 8,Blush em pó,46.76,63,2023-07-02 18:58:06.794203
Roupas,Filial 2,Pó compacto,41.45,74,2023-02-02 18:58:06.794203
Roupas,Filial 4,Base líquida,93.51,69,2023-03-12 18:58:06.794203
Eletrônicos,Filial 6,Blush em pó,88.99,17,2023-06-22 18:58:06.794203
Alimentos,Filial 10,Delineador líquido,1.1,22,2022-10-23 18:58:06.794203
Roupas,Filial 9,Delineador líquido,58.94,23,2023-04-17 18:58:06.794203
Eletrônicos,Filial 8,Sombra de olhos,76.57,87,2022-12-05 18:58:06.794203
Eletrônicos,Filial 9,Batom líquido,22.91,49,2023-07-28 18:58:06.794203
Roupas,Filial 6,Corretivo,28.89,33,2022-09-27 18:58:06.794203
Alimentos,Filial 9,Blush em pó,33.57,22,2022-09-05 18:58:06.794203
Eletrônicos,Filial 2,Delineador líquido,4.12,46,2023-08-07 18:58:06.794203
Alimentos,Filial 9,Blush em pó,73.13,66,2023-04-23 18:58:06.794203
Eletrodomésticos,Filial 3,Base líquida,1.69,21,2022-11-20 18:58:06.794203
Alimentos,Filial 8,Pó compacto,27.18,24,2023-02-01 18:58:06.794203
Eletrônicos,Filial 8,Batom matte,94.47,77,2023-07-03 18:58:06.794203
Alimentos,Filial 1,Corretivo,67.19,76,2023-04-10 18:58:06.794203
Alimentos,Filial 4,Sombra de olhos,92.72,62,2022-12-08 18:58:06.794203
Roupas,Filial 5,Blush em pó,78.29,67,2022-10-09 18:58:06.794203
Roupas,Filial 1,Delineador líquido,83.18,15,2022-12-21 18:58:06.794203
Alimentos,Filial 9,Pó compacto,75.77,26,2023-03-07 18:58:06.794203
Roupas,Filial 4,Batom líquido,81.71,90,2023-07-25 18:58:06.794203
Roupas,Filial 6,Batom matte,20.73,49,2023-08-11 18:58:06.794203
Roupas,Filial 6,Lápis de sobrancelha,57.12,10,2023-08-11 18:58:06.794203
Roupas,Filial 5,Delineador líquido,29.61,15,2023-01-24 18:58:06.794203
Alimentos,Filial 10,Pó compacto,71.75,31,2023-07-26 18:58:06.794203
Roupas,Filial 6,Lápis de sobrancelha,84.33,26,2022-11-29 18:58:06.794203
Eletrodomésticos,Filial 7,Máscara de cílios,17.9,33,2023-01-28 18:58:06.794203
Alimentos,Filial 6,Corretivo,62.61,34,2023-04-13 18:58:06.794203
Roupas,Filial 10,Delineador líquido,9.21,95,2023-04-29 18:58:06.794203
Eletrodomésticos,Filial 2,Máscara de cílios,21.71,77,2022-11-20 18:58:06.794203
Eletrônicos,Filial 4,Máscara de cílios,34.76,51,2023-04-09 18:58:06.794203
Eletrônicos,Filial 3,Delineador líquido,61.77,41,2023-08-05 18:58:06.794203
Eletrônicos,Filial 1,Corretivo,29.04,21,2023-04-10 18:58:06.794203
Alimentos,Filial 8,Base líquida,32.33,6,2023-05-06 18:58:06.794203
Eletrodomésticos,Filial 3,Batom matte,25.68,33,2023-05-24 18:58:06.794203
Eletrônicos,Filial 2,Máscara de cílios,6.8,8,2023-01-19 18:58:06.794203
Eletrônicos,Filial 2,Sombra de olhos,85.55,33,2022-10-30 18:58:06.794203
Roupas,Filial 6,Batom matte,61.23,80,2023-04-05 18:58:06.794203
Eletrônicos,Filial 1,Corretivo,7.43,18,2022-10-27 18:58:06.794203
Eletrônicos,Filial 6,Lápis de sobrancelha,92.77,18,2023-02-05 18:58:06.794203
Eletrônicos,Filial 5,Delineador líquido,70.44,79,2023-02-19 18:58:06.794203
Eletrodomésticos,Filial 7,Corretivo,98.45,14,2022-11-27 18:58:06.794203
Roupas,Filial 10,Delineador líquido,12.18,59,2023-07-12 18:58:06.794203
Eletrodomésticos,Filial 2,Base líquida,71.31,84,2023-07-19 18:58:06.794203
Eletrônicos,Filial 5,Máscara de cílios,54.71,62,2023-06-02 18:58:06.794203
Roupas,Filial 3,Corretivo,45.12,10,2023-04-25 18:58:06.794203
Roupas,Filial 8,Blush em pó,32.26,60,2023-03-25 18:58:06.794203
Alimentos,Filial 6,Pó compacto,86.78,24,2022-12-13 18:58:06.794203
Eletrodomésticos,Filial 10,Blush em pó,71.86,26,2023-06-02 18:58:06.794203
Eletrônicos,Filial 5,Pó compacto,45.38,41,2023-05-25 18:58:06.794203
Roupas,Filial 4,Corretivo,53.76,27,2023-03-05 18:58:06.794203
Eletrodomésticos,Filial 6,Batom líquido,7.41,93,2023-01-18 18:58:06.794203
Eletrônicos,Filial 3,Batom matte,68.97,79,2023-03-15 18:58:06.794203
Eletrodomésticos,Filial 6,Blush em pó,10.5,80,2023-07-26 18:58:06.794203
Alimentos,Filial 5,Corretivo,67.79,19,2023-09-05 18:58:06.794203
Eletrodomésticos,Filial 1,Máscara de cílios,73.11,62,2023-04-05 18:58:06.794203
Eletrônicos,Filial 8,Sombra de olhos,93.33,99,2023-04-17 18:58:06.794203
Roupas,Filial 5,Blush em pó,86.79,100,2023-03-23 18:58:06.794203
Roupas,Filial 5,Lápis de sobrancelha,4.92,62,2022-11-03 18:58:06.794203
Roupas,Filial 9,Sombra de olhos,40.14,45,2023-03-01 18:58:06.794203
Alimentos,Filial 1,Blush em pó,75.09,19,2023-05-29 18:58:06.794203
Roupas,Filial 9,Lápis de sobrancelha,30.61,43,2023-03-22 18:58:06.794203
Alimentos,Filial 1,Pó compacto,25.94,61,2023-07-05 18:58:06.794203
Eletrônicos,Filial 3,Batom líquido,51.59,47,2022-11-14 18:58:06.794203
Alimentos,Filial 2,Base líquida,67.69,35,2022-11-20 18:58:06.794203
Eletrônicos,Filial 10,Máscara de cílios,71.22,72,2023-07-23 18:58:06.794203
Eletrônicos,Filial 6,Pó compacto,31.11,93,2023-04-14 18:58:06.794203
Eletrodomésticos,Filial 8,Pó compacto,4.39,29,2023-02-18 18:58:06.794203
Eletrodomésticos,Filial 9,Corretivo,43.63,47,2023-02-23 18:58:06.794203
Alimentos,Filial 9,Delineador líquido,26.15,33,2022-12-16 18:58:06.794203
Alimentos,Filial 6,Pó compacto,98.99,1,2023-06-09 18:58:06.794203
Roupas,Filial 6,Máscara de cílios,17.66,39,2022-12-11 18:58:06.794203
Alimentos,Filial 5,Base líquida,53.44,67,2022-09-18 18:58:06.794203
Eletrodomésticos,Filial 7,Batom matte,16.29,19,2022-11-27 18:58:06.794203
Eletrônicos,Filial 2,Lápis de sobrancelha,13.8,19,2022-12-09 18:58:06.794203
Roupas,Filial 10,Blush em pó,26.5,12,2023-06-11 18:58:06.794203
Alimentos,Filial 5,Batom líquido,31.78,72,2022-09-10 18:58:06.794203
Roupas,Filial 9,Base líquida,85.44,77,2023-08-21 18:58:06.794203
Alimentos,Filial 1,Delineador líquido,85.49,11,2022-11-19 18:58:06.794203
Eletrônicos,Filial 7,Batom líquido,73.44,96,2023-06-05 18:58:06.794203
Roupas,Filial 8,Máscara de cílios,32.67,12,2022-11-06 18:58:06.794203
Alimentos,Filial 10,Blush em pó,25.04,89,2022-10-05 18:58:06.794203
Roupas,Filial 10,Delineador líquido,36.61,53,2022-11-10 18:58:06.794203
Eletrônicos,Filial 9,Base líquida,13.47,80,2023-08-23 18:58:06.794203
Eletrodomésticos,Filial 7,Lápis de sobrancelha,72.95,10,2022-12-01 18:58:06.794203
Eletrodomésticos,Filial 9,Batom líquido,65.8,77,2023-02-11 18:58:06.794203
Eletrônicos,Filial 6,Pó compacto,57.42,49,2022-12-02 18:58:06.794203
Alimentos,Filial 8,Base líquida,15.26,42,2023-03-24 18:58:06.794203
Roupas,Filial 7,Lápis de sobrancelha,93.2,91,2023-03-29 18:58:06.794203
Roupas,Filial 5,Blush em pó,62.62,78,2023-05-02 18:58:06.794203
Alimentos,Filial 2,Delineador líquido,28.07,70,2022-10-01 18:58:06.794203
Eletrodomésticos,Filial 2,Lápis de sobrancelha,47.69,46,2023-08-19 18:58:06.794203
Alimentos,Filial 7,Blush em pó,40.39,54,2022-10-06 18:58:06.794203
Eletrônicos,Filial 3,Batom matte,98.6,92,2022-12-31 18:58:06.794203
Eletrodomésticos,Filial 7,Delineador líquido,41.29,16,2023-06-01 18:58:06.794203
Eletrodomésticos,Filial 7,Sombra de olhos,74.29,20,2023-05-12 18:58:06.794203
Alimentos,Filial 10,Sombra de olhos,58.71,43,2022-12-02 18:58:06.794203
Eletrodomésticos,Filial 1,Batom matte,3.6,2,2023-07-25 18:58:06.794203
Alimentos,Filial 4,Blush em pó,21.08,67,2022-11-10 18:58:06.794203
Roupas,Filial 3,Pó compacto,63.62,36,2022-12-14 18:58:06.794203
Eletrodomésticos,Filial 4,Batom matte,8.66,25,2023-07-03 18:58:06.794203
Alimentos,Filial 5,Pó compacto,79.56,85,2023-05-29 18:58:06.794203
Alimentos,Filial 2,Delineador líquido,17.56,64,2022-10-18 18:58:06.794203
Roupas,Filial 5,Blush em pó,84.64,4,2022-11-18 18:58:06.794203
Eletrodomésticos,Filial 8,Corretivo,42.59,20,2022-10-05 18:58:06.794203
Alimentos,Filial 9,Lápis de sobrancelha,78.5,49,2023-06-12 18:58:06.794203
Eletrodomésticos,Filial 3,Sombra de olhos,97.49,7,2022-11-14 18:58:06.794203
Eletrodomésticos,Filial 1,Corretivo,49.08,31,2023-03-05 18:58:06.794203
Alimentos,Filial 8,Máscara de cílios,67.99,98,2023-02-01 18:58:06.794203
Alimentos,Filial 3,Batom líquido,71.63,61,2022-10-04 18:58:06.794203
Alimentos,Filial 8,Máscara de cílios,73.04,12,2022-09-11 18:58:06.794203
Eletrodomésticos,Filial 10,Delineador líquido,66.35,44,2023-01-11 18:58:06.794203
Eletrodomésticos,Filial 5,Blush em pó,89.05,31,2022-12-21 18:58:06.794203
Roupas,Filial 3,Delineador líquido,6.07,65,2022-12-14 18:58:06.794203
Eletrodomésticos,Filial 1,Máscara de cílios,15.38,18,2022-12-11 18:58:06.794203
Eletrônicos,Filial 9,Base líquida,12.27,23,2023-05-08 18:58:06.794203
Alimentos,Filial 8,Batom líquido,77.02,85,2022-10-18 18:58:06.794203
Roupas,Filial 8,Base líquida,68.69,32,2022-12-26 18:58:06.794203
Eletrodomésticos,Filial 7,Batom líquido,55.96,42,2022-10-18 18:58:06.794203
Eletrodomésticos,Filial 1,Corretivo,54.17,78,2023-02-22 18:58:06.794203
Alimentos,Filial 1,Pó compacto,52.67,64,2023-09-03 18:58:06.794203
Roupas,Filial 2,Base líquida,32.47,28,2022-11-25 18:58:06.794203
Roupas,Filial 7,Batom matte,71.09,62,2023-06-01 18:58:06.794203
Eletrodomésticos,Filial 10,Lápis de sobrancelha,24.2,43,2023-02-28 18:58:06.794203
Roupas,Filial 3,Pó compacto,42.15,11,2023-03-07 18:58:06.794203
Eletrodomésticos,Filial 2,Pó compacto,15.97,31,2023-05-18 18:58:06.794203
Roupas,Filial 2,Base líquida,54.79,62,2022-11-15 18:58:06.794203
Alimentos,Filial 1,Pó compacto,7.21,96,2023-08-23 18:58:06.794203
Eletrodomésticos,Filial 5,Corretivo,12.53,23,2023-01-26 18:58:06.794203
Roupas,Filial 1,Máscara de cílios,22.32,86,2023-06-25 18:58:06.794203
Alimentos,Filial 5,Sombra de olhos,10.73,45,2023-05-17 18:58:06.794203
Roupas,Filial 3,Máscara de cílios,91.29,18,2022-12-18 18:58:06.794203
Alimentos,Filial 9,Sombra de olhos,56.98,66,2023-01-23 18:58:06.794203
Eletrodomésticos,Filial 7,Sombra de olhos,14.73,44,2022-09-10 18:58:06.794203
Eletrônicos,Filial 3,Blush em pó,73.65,72,2022-10-04 18:58:06.794203
Roupas,Filial 10,Blush em pó,67.49,5,2022-12-02 18:58:06.794203
Eletrônicos,Filial 7,Corretivo,83.97,44,2022-09-18 18:58:06.794203
Eletrônicos,Filial 1,Corretivo,35.47,40,2023-01-19 18:58:06.794203
Roupas,Filial 8,Máscara de cílios,45.83,96,2022-10-15 18:58:06.794203
Eletrônicos,Filial 5,Pó compacto,66.22,81,2023-09-04 18:58:06.794203
Eletrodomésticos,Filial 5,Delineador líquido,10.18,34,2022-12-26 18:58:06.794203
Alimentos,Filial 5,Delineador líquido,98.0,10,2022-10-26 18:58:06.794203
Eletrodomésticos,Filial 5,Sombra de olhos,91.93,82,2023-08-02 18:58:06.794203
Roupas,Filial 6,Batom matte,64.9,92,2023-04-09 18:58:06.794203
Eletrônicos,Filial 8,Delineador líquido,79.98,64,2023-07-24 18:58:06.794203
Alimentos,Filial 4,Base líquida,7.27,44,2022-09-18 18:58:06.794203
Eletrodomésticos,Filial 2,Máscara de cílios,16.9,67,2022-12-04 18:58:06.794203
Eletrodomésticos,Filial 2,Pó compacto,99.27,94,2022-10-30 18:58:06.794203
Eletrodomésticos,Filial 4,Pó compacto,2.19,94,2022-09-24 18:58:06.794203
Eletrodomésticos,Filial 9,Lápis de sobrancelha,86.12,63,2023-04-01 18:58:06.794203
Alimentos,Filial 7,Máscara de cílios,63.63,72,2023-02-23 18:58:06.794203
Alimentos,Filial 7,Delineador líquido,94.77,16,2022-12-18 18:58:06.794203
Alimentos,Filial 7,Máscara de cílios,73.76,68,2023-07-12 18:58:06.794203
Roupas,Filial 6,Batom matte,5.29,25,2023-08-28 18:58:06.794203
Roupas,Filial 8,Pó compacto,37.02,96,2022-12-27 18:58:06.794203
Alimentos,Filial 3,Batom líquido,30.87,91,2022-11-06 18:58:06.794203
Eletrônicos,Filial 1,Base líquida,99.31,47,2023-07-20 18:58:06.794203
Roupas,Filial 4,Lápis de sobrancelha,90.74,100,2022-10-29 18:58:06.794203
Roupas,Filial 5,Base líquida,42.89,91,2022-11-06 18:58:06.794203
Eletrodomésticos,Filial 6,Lápis de sobrancelha,33.79,76,2023-05-12 18:58:06.794203
Eletrônicos,Filial 7,Batom matte,46.96,51,2023-01-13 18:58:06.794203
Alimentos,Filial 3,Pó compacto,6.99,6,2023-05-04 18:58:06.794203
Eletrônicos,Filial 8,Sombra de olhos,85.41,43,2023-07-16 18:58:06.794203
Alimentos,Filial 1,Batom matte,88.84,41,2022-10-31 18:58:06.794203
Eletrônicos,Filial 6,Base líquida,54.04,88,2023-01-01 18:58:06.794203
Roupas,Filial 1,Sombra de olhos,96.25,40,2023-02-20 18:58:06.794203
Eletrodomésticos,Filial 6,Batom líquido,97.87,95,2023-06-10 18:58:06.794203
Alimentos,Filial 7,Blush em pó,56.94,37,2023-08-29 18:58:06.794203
Roupas,Filial 7,Blush em pó,88.03,32,2023-05-26 18:58:06.794203
Eletrodomésticos,Filial 8,Base líquida,9.28,32,2023-08-20 18:58:06.794203
Eletrodomésticos,Filial 2,Lápis de sobrancelha,68.1,57,2022-09-23 18:58:06.794203
Eletrônicos,Filial 1,Pó compacto,12.32,15,2023-03-28 18:58:06.794203
Roupas,Filial 3,Corretivo,99.65,52,2023-08-13 18:58:06.794203
Alimentos,Filial 2,Sombra de olhos,68.6,10,2023-09-01 18:58:06.794203
Eletrodomésticos,Filial 2,Batom líquido,6.18,30,2023-08-20 18:58:06.794203
Eletrodomésticos,Filial 10,Delineador líquido,20.8,80,2023-01-24 18:58:06.794203
Eletrodomésticos,Filial 3,Máscara de cílios,22.04,48,2023-03-12 18:58:06.794203
Eletrodomésticos,Filial 2,Blush em pó,86.38,90,2023-06-30 18:58:06.794203
Eletrônicos,Filial 9,Blush em pó,26.13,12,2023-05-08 18:58:06.794203
Eletrônicos,Filial 6,Corretivo,86.66,81,2023-06-16 18:58:06.794203
Eletrodomésticos,Filial 8,Pó compacto,11.4,15,2023-01-15 18:58:06.794203
Eletrodomésticos,Filial 2,Lápis de sobrancelha,93.53,15,2023-03-25 18:58:06.794203
Eletrodomésticos,Filial 7,Pó compacto,26.11,95,2023-01-10 18:58:06.794203
Alimentos,Filial 3,Batom matte,22.2,81,2023-03-25 18:58:06.794203
Roupas,Filial 8,Delineador líquido,40.9,52,2022-11-28 18:58:06.794203
Alimentos,Filial 7,Corretivo,72.22,28,2022-11-25 18:58:06.794203
Eletrônicos,Filial 9,Máscara de cílios,44.23,64,2022-10-19 18:58:06.794203
Alimentos,Filial 5,Batom líquido,4.86,64,2022-09-24 18:58:06.794203
Eletrodomésticos,Filial 9,Base líquida,75.59,34,2023-02-05 18:58:06.794203
Eletrônicos,Filial 3,Batom matte,83.43,49,2022-12-25 18:58:06.794203
Roupas,Filial 6,Delineador líquido,30.89,70,2023-01-14 18:58:06.794203
Eletrodomésticos,Filial 2,Lápis de sobrancelha,19.64,17,2022-09-28 18:58:06.794203
Alimentos,Filial 9,Batom matte,43.18,54,2023-08-12 18:58:06.794203
Alimentos,Filial 3,Batom matte,39.66,33,2022-09-30 18:58:06.794203
Eletrodomésticos,Filial 1,Pó compacto,88.49,85,2023-03-18 18:58:06.794203
Eletrodomésticos,Filial 10,Corretivo,88.18,69,2022-11-06 18:58:06.794203
Alimentos,Filial 3,Base líquida,16.18,11,2022-12-16 18:58:06.794203
Alimentos,Filial 7,Lápis de sobrancelha,80.96,3,2022-10-13 18:58:06.794203
Eletrônicos,Filial 6,Delineador líquido,72.16,21,2023-07-05 18:58:06.794203
Eletrônicos,Filial 4,Corretivo,9.8,84,2023-03-12 18:58:06.794203
Eletrodomésticos,Filial 7,Delineador líquido,60.6,45,2023-07-20 18:58:06.794203
Eletrônicos,Filial 2,Corretivo,2.22,65,2022-10-17 18:58:06.794203
Eletrônicos,Filial 2,Sombra de olhos,2.88,86,2023-02-19 18:58:06.794203
Eletrodomésticos,Filial 1,Máscara de cílios,22.45,85,2023-02-13 18:58:06.794203
Eletrônicos,Filial 8,Corretivo,26.69,6,2022-11-01 18:58:06.794203
Roupas,Filial 6,Delineador líquido,27.13,72,2023-01-04 18:58:06.794203
Eletrônicos,Filial 5,Sombra de olhos,25.29,61,2022-11-29 18:58:06.794203
Roupas,Filial 10,Batom matte,39.46,73,2022-12-23 18:58:06.794203
Roupas,Filial 8,Lápis de sobrancelha,46.31,32,2023-05-05 18:58:06.794203
Eletrodomésticos,Filial 2,Blush em pó,49.24,5,2023-07-13 18:58:06.794203
Alimentos,Filial 6,Corretivo,74.75,96,2023-04-16 18:58:06.794203
Roupas,Filial 3,Batom líquido,1.98,65,2023-08-18 18:58:06.794203
Eletrodomésticos,Filial 8,Corretivo,72.66,87,2023-05-25 18:58:06.794203
Eletrônicos,Filial 6,Sombra de olhos,75.75,77,2022-12-03 18:58:06.794203
Eletrodomésticos,Filial 8,Máscara de cílios,63.53,54,2022-12-21 18:58:06.794203
Eletrônicos,Filial 2,Base líquida,74.64,56,2022-10-27 18:58:06.794203
Alimentos,Filial 3,Lápis de sobrancelha,94.43,72,2022-10-28 18:58:06.794203
Eletrodomésticos,Filial 10,Delineador líquido,86.8,46,2022-11-03 18:58:06.794203
Eletrodomésticos,Filial 8,Sombra de olhos,77.31,42,2023-07-20 18:58:06.794203
Eletrônicos,Filial 8,Blush em pó,73.58,25,2022-11-25 18:58:06.794203
Eletrodomésticos,Filial 2,Base líquida,30.61,82,2023-08-20 18:58:06.794203
Eletrônicos,Filial 1,Corretivo,12.19,34,2023-03-06 18:58:06.794203
Eletrônicos,Filial 4,Base líquida,64.23,47,2023-07-04 18:58:06.794203
Eletrodomésticos,Filial 9,Pó compacto,57.08,82,2023-05-03 18:58:06.794203
Eletrônicos,Filial 10,Sombra de olhos,36.36,81,2023-04-10 18:58:06.794203
Eletrodomésticos,Filial 10,Lápis de sobrancelha,26.0,59,2023-03-31 18:58:06.794203
Roupas,Filial 8,Batom líquido,26.08,99,2023-02-10 18:58:06.794203
Roupas,Filial 2,Máscara de cílios,50.18,97,2022-11-16 18:58:06.794203
Alimentos,Filial 8,Batom matte,5.26,5,2022-11-11 18:58:06.794203
Eletrodomésticos,Filial 7,Corretivo,6.94,40,2023-01-10 18:58:06.794203
Eletrônicos,Filial 8,Sombra de olhos,64.52,27,2022-09-25 18:58:06.794203
Eletrodomésticos,Filial 1,Corretivo,71.91,19,2023-02-16 18:58:06.794203
Eletrônicos,Filial 9,Delineador líquido,76.62,59,2023-07-31 18:58:06.794203
Eletrônicos,Filial 10,Blush em pó,66.91,17,2023-08-03 18:58:06.794203
Eletrodomésticos,Filial 7,Blush em pó,86.82,46,2023-09-01 18:58:06.794203
Eletrônicos,Filial 3,Lápis de sobrancelha,72.63,92,2023-01-07 18:58:06.794203
Roupas,Filial 3,Batom matte,86.66,39,2022-10-05 18:58:06.794203
Alimentos,Filial 9,Blush em pó,89.1,16,2023-04-21 18:58:06.794203
Eletrônicos,Filial 8,Delineador líquido,62.43,49,2022-10-09 18:58:06.794203
Roupas,Filial 4,Corretivo,27.52,23,2022-10-30 18:58:06.794203
Eletrônicos,Filial 8,Sombra de olhos,28.91,28,2023-03-05 18:58:06.794203
Alimentos,Filial 5,Delineador líquido,43.5,1,2023-01-17 18:58:06.794203
Roupas,Filial 2,Corretivo,62.78,78,2022-09-13 18:58:06.794203
Eletrônicos,Filial 9,Sombra de olhos,80.77,14,2022-09-07 18:58:06.794203
Alimentos,Filial 7,Corretivo,90.59,45,2023-01-28 18:58:06.794203
Eletrônicos,Filial 9,Base líquida,98.94,52,2023-03-03 18:58:06.794203
Eletrodomésticos,Filial 3,Blush em pó,71.21,65,2022-09-11 18:58:06.794203
Roupas,Filial 4,Blush em pó,5.13,80,2023-01-16 18:58:06.794203
Alimentos,Filial 3,Pó compacto,35.33,3,2023-01-15 18:58:06.794203
Eletrodomésticos,Filial 4,Corretivo,29.54,87,2023-03-13 18:58:06.794203
Eletrodomésticos,Filial 4,Batom líquido,20.61,57,2023-04-18 18:58:06.794203
Eletrodomésticos,Filial 3,Batom matte,35.89,11,2022-09-09 18:58:06.794203
Eletrônicos,Filial 10,Delineador líquido,19.57,22,2022-09-14 18:58:06.794203
Alimentos,Filial 3,Corretivo,67.64,89,2022-10-10 18:58:06.794203
Roupas,Filial 10,Pó compacto,66.81,18,2022-12-24 18:58:06.794203
Alimentos,Filial 2,Corretivo,74.36,12,2023-06-04 18:58:06.794203
Eletrodomésticos,Filial 10,Base líquida,87.39,4,2023-03-10 18:58:06.794203
Eletrodomésticos,Filial 2,Base líquida,17.55,60,2023-06-28 18:58:06.794203
Eletrodomésticos,Filial 5,Base líquida,83.12,59,2023-07-29 18:58:06.794203
Roupas,Filial 3,Pó compacto,8.31,72,2023-06-18 18:58:06.794203
Alimentos,Filial 7,Corretivo,57.22,26,2022-11-12 18:58:06.794203
Eletrônicos,Filial 9,Blush em pó,29.2,79,2022-09-14 18:58:06.794203
Eletrodomésticos,Filial 2,Delineador líquido,22.17,9,2023-08-12 18:58:06.794203
Alimentos,Filial 2,Batom líquido,99.56,7,2022-09-21 18:58:06.794203
Roupas,Filial 9,Corretivo,20.15,81,2023-01-24 18:58:06.794203
Eletrônicos,Filial 8,Corretivo,20.07,59,2023-01-16 18:58:06.794203
Roupas,Filial 8,Batom líquido,88.01,53,2022-12-15 18:58:06.794203
Eletrodomésticos,Filial 9,Lápis de sobrancelha,85.03,47,2023-05-08 18:58:06.794203
Eletrodomésticos,Filial 3,Sombra de olhos,64.8,63,2022-09-11 18:58:06.794203
Alimentos,Filial 7,Batom líquido,72.94,21,2023-02-26 18:58:06.794203
Roupas,Filial 9,Batom matte,61.17,6,2023-01-21 18:58:06.794203
Roupas,Filial 1,Pó compacto,83.13,84,2023-03-11 18:58:06.794203
Eletrodomésticos,Filial 2,Batom matte,59.33,80,2023-06-12 18:58:06.794203
Eletrônicos,Filial 8,Máscara de cílios,47.08,99,2023-03-17 18:58:06.794203
Eletrônicos,Filial 3,Batom líquido,81.8,51,2023-01-14 18:58:06.794203
Roupas,Filial 9,Batom matte,30.33,97,2023-05-06 18:58:06.794203
Eletrônicos,Filial 8,Base líquida,81.95,76,2022-09-30 18:58:06.794203
Eletrodomésticos,Filial 6,Base líquida,66.26,51,2023-03-26 18:58:06.794203
Eletrodomésticos,Filial 2,Lápis de sobrancelha,58.96,93,2023-07-13 18:58:06.794203
Roupas,Filial 3,Delineador líquido,62.56,73,2022-12-08 18:58:06.794203
Eletrodomésticos,Filial 1,Corretivo,31.3,84,2023-04-24 18:58:06.794203
Eletrônicos,Filial 2,Base líquida,63.49,44,2022-11-18 18:58:06.794203
Eletrodomésticos,Filial 2,Batom matte,62.98,91,2023-08-02 18:58:06.794203
Roupas,Filial 2,Lápis de sobrancelha,15.29,54,2023-07-26 18:58:06.794203
Eletrodomésticos,Filial 5,Base líquida,75.65,90,2023-08-07 18:58:06.794203
Eletrônicos,Filial 8,Lápis de sobrancelha,54.14,91,2022-12-01 18:58:06.794203
Alimentos,Filial 10,Blush em pó,47.9,64,2022-12-13 18:58:06.794203
Eletrodomésticos,Filial 5,Batom líquido,63.79,20,2023-05-24 18:58:06.794203
Alimentos,Filial 2,Batom líquido,33.87,71,2023-04-30 18:58:06.794203
Alimentos,Filial 10,Delineador líquido,93.14,33,2023-03-23 18:58:06.794203
Roupas,Filial 9,Pó compacto,83.54,95,2022-10-29 18:58:06.794203
Alimentos,Filial 6,Máscara de cílios,4.25,45,2023-02-24 18:58:06.794203
Roupas,Filial 4,Delineador líquido,89.16,77,2022-09-26 18:58:06.794203
Roupas,Filial 6,Batom líquido,91.95,66,2023-05-07 18:58:06.794203
Eletrodomésticos,Filial 4,Batom matte,43.87,49,2022-12-19 18:58:06.794203
Eletrodomésticos,Filial 4,Batom líquido,94.1,79,2023-08-10 18:58:06.794203
Eletrodomésticos,Filial 6,Blush em pó,38.33,65,2023-05-14 18:58:06.794203
Alimentos,Filial 4,Delineador líquido,38.07,35,2023-05-09 18:58:06.794203
Eletrônicos,Filial 9,Sombra de olhos,33.08,96,2023-04-10 18:58:06.794203
Alimentos,Filial 3,Delineador líquido,46.05,50,2023-08-07 18:58:06.794203
Roupas,Filial 4,Corretivo,31.66,90,2023-02-08 18:58:06.794203
Alimentos,Filial 7,Delineador líquido,51.39,26,2022-12-25 18:58:06.794203
Roupas,Filial 7,Sombra de olhos,4.27,10,2023-08-02 18:58:06.794203
Alimentos,Filial 1,Delineador líquido,1.1,41,2023-04-26 18:58:06.794203
Eletrônicos,Filial 1,Sombra de olhos,75.17,25,2022-09-05 18:58:06.794203
Alimentos,Filial 2,Corretivo,61.16,17,2023-06-09 18:58:06.794203
Alimentos,Filial 8,Corretivo,71.95,86,2023-02-05 18:58:06.794203
Roupas,Filial 6,Lápis de sobrancelha,70.98,30,2023-07-30 18:58:06.794203
Eletrodomésticos,Filial 6,Delineador líquido,81.92,45,2023-06-23 18:58:06.794203
Eletrônicos,Filial 2,Máscara de cílios,64.94,16,2023-08-21 18:58:06.794203
Eletrônicos,Filial 6,Pó compacto,96.63,85,2023-03-16 18:58:06.794203
Eletrodomésticos,Filial 2,Sombra de olhos,90.78,5,2023-08-17 18:58:06.794203
Eletrônicos,Filial 3,Corretivo,75.68,7,2023-03-01 18:58:06.794203
Roupas,Filial 7,Lápis de sobrancelha,23.49,95,2023-04-07 18:58:06.794203
Eletrodomésticos,Filial 3,Corretivo,68.12,64,2023-01-19 18:58:06.794203
Alimentos,Filial 5,Lápis de sobrancelha,63.78,18,2023-06-26 18:58:06.794203
Roupas,Filial 7,Delineador líquido,20.74,17,2022-12-23 18:58:06.794203
Eletrônicos,Filial 2,Delineador líquido,62.72,75,2023-01-14 18:58:06.794203
Alimentos,Filial 8,Lápis de sobrancelha,34.47,81,2023-01-24 18:58:06.794203
Eletrônicos,Filial 5,Corretivo,18.34,63,2023-08-13 18:58:06.794203
Eletrodomésticos,Filial 4,Sombra de olhos,83.76,36,2022-11-11 18:58:06.794203
Roupas,Filial 1,Batom matte,93.95,79,2023-07-26 18:58:06.794203
Alimentos,Filial 7,Sombra de olhos,19.39,46,2022-12-22 18:58:06.794203
Eletrônicos,Filial 10,Delineador líquido,84.22,41,2023-06-11 18:58:06.794203
Roupas,Filial 3,Corretivo,66.5,17,2022-10-26 18:58:06.794203
Alimentos,Filial 5,Base líquida,47.63,100,2023-01-25 18:58:06.794203
Roupas,Filial 10,Sombra de olhos,6.65,83,2023-01-11 18:58:06.794203
Roupas,Filial 7,Base líquida,87.09,89,2023-03-26 18:58:06.794203
Eletrodomésticos,Filial 2,Pó compacto,37.46,44,2023-02-25 18:58:06.794203
Roupas,Filial 5,Blush em pó,59.93,40,2023-06-20 18:58:06.794203
Roupas,Filial 7,Máscara de cílios,40.98,90,2023-02-22 18:58:06.794203
Alimentos,Filial 8,Blush em pó,71.59,14,2023-01-05 18:58:06.794203
Eletrônicos,Filial 6,Pó compacto,97.19,99,2023-06-06 18:58:06.794203
Eletrodomésticos,Filial 3,Corretivo,51.33,87,2023-02-24 18:58:06.794203
Roupas,Filial 3,Lápis de sobrancelha,57.41,98,2023-04-30 18:58:06.794203
Eletrônicos,Filial 9,Máscara de cílios,49.93,96,2023-01-16 18:58:06.794203
Roupas,Filial 5,Corretivo,3.99,53,2023-04-18 18:58:06.794203
Alimentos,Filial 5,Máscara de cílios,31.1,92,2022-10-25 18:58:06.794203
Eletrodomésticos,Filial 8,Corretivo,75.86,31,2023-08-09 18:58:06.794203
Eletrônicos,Filial 1,Base líquida,17.35,48,2023-01-26 18:58:06.794203
Roupas,Filial 7,Batom líquido,89.32,91,2023-07-06 18:58:06.794203
Alimentos,Filial 2,Blush em pó,87.78,10,2022-09-14 18:58:06.794203
Roupas,Filial 9,Delineador líquido,78.55,41,2022-11-15 18:58:06.794203
Roupas,Filial 8,Batom matte,61.94,71,2023-02-02 18:58:06.794203
Alimentos,Filial 10,Base líquida,52.83,79,2023-01-06 18:58:06.794203
Alimentos,Filial 4,Sombra de olhos,79.92,16,2023-01-23 18:58:06.794203
Eletrodomésticos,Filial 6,Sombra de olhos,87.65,94,2023-09-03 18:58:06.794203
Eletrodomésticos,Filial 1,Base líquida,44.44,24,2023-08-18 18:58:06.794203
Eletrodomésticos,Filial 10,Máscara de cílios,28.81,30,2023-08-11 18:58:06.794203
Eletrônicos,Filial 4,Corretivo,78.09,49,2022-09-17 18:58:06.794203
Roupas,Filial 1,Delineador líquido,15.52,94,2023-04-12 18:58:06.794203
Eletrodomésticos,Filial 10,Pó compacto,16.37,64,2022-10-08 18:58:06.794203
Eletrodomésticos,Filial 7,Lápis de sobrancelha,49.12,46,2022-10-24 18:58:06.794203
Eletrodomésticos,Filial 9,Sombra de olhos,57.61,26,2022-09-16 18:58:06.794203
Alimentos,Filial 6,Delineador líquido,39.97,2,2023-05-24 18:58:06.794203
Eletrodomésticos,Filial 5,Corretivo,31.46,47,2023-05-25 18:58:06.794203
Roupas,Filial 5,Corretivo,79.66,36,2022-09-26 18:58:06.794203
Eletrônicos,Filial 3,Máscara de cílios,22.24,72,2023-03-17 18:58:06.794203
Alimentos,Filial 6,Delineador líquido,51.11,42,2022-09-11 18:58:06.794203
Eletrônicos,Filial 1,Batom líquido,32.45,77,2022-11-11 18:58:06.794203
Eletrodomésticos,Filial 3,Sombra de olhos,63.07,55,2023-03-30 18:58:06.794203
Eletrodomésticos,Filial 1,Corretivo,45.15,51,2022-10-14 18:58:06.794203
Alimentos,Filial 2,Lápis de sobrancelha,86.19,44,2023-05-13 18:58:06.794203
Alimentos,Filial 3,Lápis de sobrancelha,58.33,40,2022-10-07 18:58:06.794203
Alimentos,Filial 8,Sombra de olhos,66.11,42,2023-04-21 18:58:06.794203
Alimentos,Filial 1,Blush em pó,53.36,63,2022-11-22 18:58:06.794203
Eletrodomésticos,Filial 8,Corretivo,2.79,94,2023-02-18 18:58:06.794203
Alimentos,Filial 7,Pó compacto,28.01,7,2023-08-29 18:58:06.794203
Eletrodomésticos,Filial 3,Blush em pó,74.51,97,2022-09-27 18:58:06.794203
Eletrodomésticos,Filial 10,Delineador líquido,54.33,17,2023-01-30 18:58:06.794203
Roupas,Filial 7,Corretivo,69.08,41,2023-07-13 18:58:06.794203
Eletrodomésticos,Filial 1,Corretivo,73.43,73,2023-07-16 18:58:06.794203
Eletrodomésticos,Filial 2,Pó compacto,61.27,44,2022-12-13 18:58:06.794203
Eletrônicos,Filial 7,Corretivo,86.61,93,2022-12-17 18:58:06.794203
Eletrodomésticos,Filial 6,Máscara de cílios,2.01,95,2022-10-28 18:58:06.794203
Alimentos,Filial 8,Blush em pó,90.97,31,2023-08-17 18:58:06.794203
Alimentos,Filial 9,Sombra de olhos,22.93,87,2023-02-22 18:58:06.794203
Roupas,Filial 4,Delineador líquido,85.51,58,2023-03-19 18:58:06.794203
Eletrodomésticos,Filial 9,Pó compacto,54.44,53,2022-09-23 18:58:06.794203
Eletrônicos,Filial 1,Máscara de cílios,64.94,25,2023-05-23 18:58:06.794203
Alimentos,Filial 1,Sombra de olhos,98.86,21,2023-06-08 18:58:06.794203
Eletrodomésticos,Filial 2,Batom líquido,68.02,87,2022-11-11 18:58:06.794203
Eletrônicos,Filial 6,Batom matte,23.15,12,2023-01-04 18:58:06.794203
Roupas,Filial 8,Corretivo,73.2,26,2023-04-23 18:58:06.794203
Roupas,Filial 5,Lápis de sobrancelha,19.79,70,2023-05-21 18:58:06.794203
Eletrodomésticos,Filial 5,Delineador líquido,2.08,89,2023-06-22 18:58:06.794203
Roupas,Filial 5,Corretivo,81.19,80,2023-02-21 18:58:06.794203
Eletrodomésticos,Filial 1,Pó compacto,36.48,3,2023-08-18 18:58:06.794203
Roupas,Filial 10,Pó compacto,9.92,59,2023-02-20 18:58:06.794203
Roupas,Filial 9,Pó compacto,86.1,60,2023-08-27 18:58:06.794203
Eletrodomésticos,Filial 10,Batom líquido,71.77,88,2023-03-14 18:58:06.794203
Eletrônicos,Filial 7,Pó compacto,92.18,90,2022-12-06 18:58:06.794203
Eletrodomésticos,Filial 2,Máscara de cílios,76.8,69,2022-09-22 18:58:06.794203
Roupas,Filial 1,Blush em pó,6.89,73,2023-02-03 18:58:06.794203
Eletrônicos,Filial 7,Corretivo,46.76,16,2023-02-09 18:58:06.794203
Eletrodomésticos,Filial 10,Base líquida,14.43,42,2023-03-05 18:58:06.794203
Roupas,Filial 6,Máscara de cílios,16.04,6,2022-09-25 18:58:06.794203
Roupas,Filial 2,Lápis de sobrancelha,4.73,81,2023-02-16 18:58:06.794203
Eletrônicos,Filial 6,Máscara de cílios,16.46,79,2023-03-29 18:58:06.794203
Roupas,Filial 1,Máscara de cílios,50.1,23,2022-12-01 18:58:06.794203
Alimentos,Filial 1,Lápis de sobrancelha,95.39,25,2023-01-16 18:58:06.794203
Roupas,Filial 2,Lápis de sobrancelha,20.31,88,2023-03-24 18:58:06.794203
Alimentos,Filial 2,Batom líquido,56.91,84,2022-09-19 18:58:06.794203
Eletrônicos,Filial 8,Corretivo,46.1,59,2023-06-17 18:58:06.794203
Roupas,Filial 3,Blush em pó,36.1,98,2023-06-16 18:58:06.794203
Eletrônicos,Filial 10,Delineador líquido,65.98,10,2023-08-28 18:58:06.794203
Roupas,Filial 1,Pó compacto,41.78,53,2023-03-02 18:58:06.794203
Alimentos,Filial 9,Corretivo,61.42,9,2023-08-11 18:58:06.794203
Eletrodomésticos,Filial 1,Máscara de cílios,94.96,100,2023-03-18 18:58:06.794203
Alimentos,Filial 9,Lápis de sobrancelha,50.23,44,2022-10-12 18:58:06.794203
Roupas,Filial 10,Batom matte,2.55,78,2022-12-14 18:58:06.794203
Eletrodomésticos,Filial 2,Blush em pó,51.46,46,2023-06-27 18:58:06.794203
Eletrônicos,Filial 8,Máscara de cílios,35.45,41,2022-09-28 18:58:06.794203
Alimentos,Filial 2,Blush em pó,67.79,12,2023-03-10 18:58:06.794203
Eletrodomésticos,Filial 2,Máscara de cílios,67.37,62,2023-01-05 18:58:06.794203
Eletrodomésticos,Filial 3,Pó compacto,24.99,32,2023-03-27 18:58:06.794203
Roupas,Filial 2,Corretivo,12.45,96,2022-10-24 18:58:06.794203
Eletrônicos,Filial 1,Delineador líquido,11.64,93,2023-09-01 18:58:06.794203
Alimentos,Filial 8,Lápis de sobrancelha,68.05,30,2023-06-10 18:58:06.794203
Roupas,Filial 10,Blush em pó,24.45,46,2023-03-23 18:58:06.794203
Alimentos,Filial 9,Delineador líquido,77.5,65,2022-11-29 18:58:06.794203
Eletrônicos,Filial 8,Base líquida,46.5,8,2023-05-17 18:58:06.794203
Eletrodomésticos,Filial 7,Máscara de cílios,63.24,88,2023-04-04 18:58:06.794203
Alimentos,Filial 4,Batom matte,77.11,2,2022-11-12 18:58:06.794203
Alimentos,Filial 10,Delineador líquido,45.46,77,2022-11-07 18:58:06.794203
Roupas,Filial 2,Blush em pó,88.83,53,2023-04-16 18:58:06.794203
Eletrodomésticos,Filial 4,Batom matte,12.6,31,2022-10-19 18:58:06.794203
Eletrodomésticos,Filial 9,Pó compacto,8.71,82,2023-02-01 18:58:06.794203
Alimentos,Filial 6,Sombra de olhos,48.64,54,2022-09-26 18:58:06.794203
Alimentos,Filial 4,Lápis de sobrancelha,40.79,2,2022-11-13 18:58:06.794203
Eletrônicos,Filial 6,Delineador líquido,10.01,61,2022-10-10 18:58:06.794203
Eletrônicos,Filial 9,Base líquida,5.63,24,2022-10-11 18:58:06.794203
Eletrodomésticos,Filial 5,Base líquida,52.34,74,2022-11-23 18:58:06.794203
Eletrodomésticos,Filial 7,Blush em pó,88.0,55,2023-05-24 18:58:06.794203
Eletrodomésticos,Filial 8,Pó compacto,69.87,60,2022-10-22 18:58:06.794203
Roupas,Filial 8,Pó compacto,90.62,7,2023-07-18 18:58:06.794203
Eletrônicos,Filial 9,Máscara de cílios,35.6,37,2023-04-16 18:58:06.794203
Roupas,Filial 2,Batom matte,15.12,21,2022-10-09 18:58:06.794203
Roupas,Filial 1,Blush em pó,48.77,37,2023-06-08 18:58:06.794203
Eletrodomésticos,Filial 8,Batom matte,40.46,94,2023-05-09 18:58:06.794203
Eletrodomésticos,Filial 1,Pó compacto,51.35,22,2023-06-10 18:58:06.794203
Alimentos,Filial 8,Lápis de sobrancelha,86.43,66,2023-03-15 18:58:06.794203
Eletrônicos,Filial 2,Pó compacto,11.05,65,2022-11-21 18:58:06.794203
Roupas,Filial 8,Máscara de cílios,54.19,71,2023-03-23 18:58:06.794203
Eletrônicos,Filial 5,Sombra de olhos,61.75,19,2022-11-03 18:58:06.794203
Alimentos,Filial 4,Corretivo,20.25,63,2023-01-01 18:58:06.794203
Eletrodomésticos,Filial 9,Lápis de sobrancelha,21.43,2,2022-09-19 18:58:06.794203
Eletrodomésticos,Filial 6,Máscara de cílios,1.37,65,2023-02-06 18:58:06.794203
Eletrodomésticos,Filial 8,Pó compacto,80.89,12,2022-11-08 18:58:06.794203
Alimentos,Filial 5,Corretivo,47.4,29,2023-03-15 18:58:06.794203
Alimentos,Filial 3,Blush em pó,13.95,19,2023-04-26 18:58:06.794203
Eletrodomésticos,Filial 4,Blush em pó,13.56,41,2023-08-03 18:58:06.794203
Eletrônicos,Filial 5,Pó compacto,88.98,50,2023-06-30 18:58:06.794203
Eletrônicos,Filial 7,Sombra de olhos,60.1,94,2023-06-24 18:58:06.794203
Alimentos,Filial 10,Blush em pó,24.08,22,2023-03-04 18:58:06.794203
Eletrônicos,Filial 8,Batom matte,74.22,91,2023-02-23 18:58:06.794203
Alimentos,Filial 6,Sombra de olhos,36.59,89,2023-08-07 18:58:06.794203
Roupas,Filial 10,Pó compacto,23.62,95,2023-08-25 18:58:06.794203
Eletrodomésticos,Filial 9,Máscara de cílios,39.3,47,2023-08-21 18:58:06.794203
Eletrodomésticos,Filial 10,Blush em pó,95.99,1,2023-07-01 18:58:06.794203
Eletrônicos,Filial 1,Lápis de sobrancelha,10.15,56,2023-07-29 18:58:06.794203
Roupas,Filial 9,Corretivo,30.49,70,2023-01-06 18:58:06.794203
Eletrônicos,Filial 8,Pó compacto,73.86,67,2022-11-06 18:58:06.794203
Roupas,Filial 3,Batom líquido,99.98,55,2023-01-05 18:58:06.794203
Eletrônicos,Filial 2,Sombra de olhos,93.01,89,2023-01-12 18:58:06.794203
Eletrônicos,Filial 3,Blush em pó,28.66,15,2023-05-31 18:58:06.794203
Roupas,Filial 2,Sombra de olhos,82.34,84,2023-06-17 18:58:06.794203
Roupas,Filial 3,Batom matte,32.73,17,2022-10-12 18:58:06.794203
Alimentos,Filial 4,Máscara de cílios,19.02,11,2023-06-06 18:58:06.794203
Eletrônicos,Filial 3,Blush em pó,40.96,35,2023-07-01 18:58:06.794203
Eletrônicos,Filial 2,Corretivo,93.15,14,2022-10-24 18:58:06.794203
Eletrônicos,Filial 4,Delineador líquido,49.45,100,2023-07-12 18:58:06.794203
Eletrônicos,Filial 10,Sombra de olhos,7.58,6,2023-06-02 18:58:06.794203
Eletrodomésticos,Filial 7,Blush em pó,95.55,70,2023-02-19 18:58:06.794203
Alimentos,Filial 9,Blush em pó,70.3,43,2022-10-18 18:58:06.794203
Eletrônicos,Filial 4,Sombra de olhos,38.95,83,2023-04-03 18:58:06.794203
Alimentos,Filial 10,Lápis de sobrancelha,98.95,84,2023-02-26 18:58:06.794203
Roupas,Filial 4,Blush em pó,53.66,65,2023-03-10 18:58:06.794203
Roupas,Filial 2,Batom matte,33.25,21,2023-06-27 18:58:06.794203
Eletrodomésticos,Filial 1,Delineador líquido,41.68,28,2023-05-16 18:58:06.794203
Roupas,Filial 4,Sombra de olhos,93.5,15,2023-07-02 18:58:06.794203
Roupas,Filial 5,Sombra de olhos,91.04,3,2023-05-18 18:58:06.794203
Roupas,Filial 4,Batom líquido,30.91,90,2023-06-08 18:58:06.794203
Eletrônicos,Filial 8,Batom líquido,74.59,71,2023-03-05 18:58:06.794203
Eletrodomésticos,Filial 9,Batom matte,36.81,49,2023-03-08 18:58:06.794203
Eletrodomésticos,Filial 10,Lápis de sobrancelha,22.21,72,2023-08-27 18:58:06.794203
Alimentos,Filial 8,Lápis de sobrancelha,33.91,73,2023-04-19 18:58:06.794203
Roupas,Filial 1,Máscara de cílios,38.98,86,2022-10-05 18:58:06.794203
Eletrodomésticos,Filial 3,Base líquida,16.73,98,2023-06-07 18:58:06.794203
Roupas,Filial 10,Batom matte,84.93,90,2023-03-08 18:58:06.794203
Alimentos,Filial 1,Lápis de sobrancelha,94.6,45,2023-06-14 18:58:06.794203
Roupas,Filial 3,Corretivo,86.62,50,2023-03-01 18:58:06.794203
Alimentos,Filial 5,Base líquida,21.16,87,2023-05-09 18:58:06.794203
Roupas,Filial 4,Corretivo,93.86,1,2023-06-12 18:58:06.794203
Eletrodomésticos,Filial 4,Blush em pó,79.08,2,2023-05-05 18:58:06.794203
Roupas,Filial 3,Blush em pó,4.95,33,2022-09-05 18:58:06.794203
Eletrodomésticos,Filial 2,Blush em pó,5.59,77,2023-01-13 18:58:06.794203
Roupas,Filial 8,Base líquida,84.94,39,2022-09-17 18:58:06.794203
Eletrônicos,Filial 8,Batom líquido,39.67,17,2023-05-07 18:58:06.794203
Eletrônicos,Filial 6,Base líquida,86.0,98,2023-02-13 18:58:06.794203
Roupas,Filial 2,Pó compacto,94.3,87,2023-05-15 18:58:06.794203
Roupas,Filial 2,Pó compacto,30.49,70,2023-05-14 18:58:06.794203
Eletrônicos,Filial 1,Lápis de sobrancelha,65.81,3,2023-06-27 18:58:06.794203
Roupas,Filial 7,Pó compacto,86.27,90,2023-03-26 18:58:06.794203
Eletrodomésticos,Filial 3,Base líquida,12.06,5,2023-03-06 18:58:06.794203
Alimentos,Filial 5,Sombra de olhos,99.85,15,2022-10-07 18:58:06.794203
Eletrodomésticos,Filial 4,Sombra de olhos,25.64,17,2023-01-23 18:58:06.794203
Eletrônicos,Filial 2,Delineador líquido,61.9,15,2023-09-01 18:58:06.794203
Roupas,Filial 10,Base líquida,73.35,54,2023-02-12 18:58:06.794203
Roupas,Filial 4,Blush em pó,44.87,4,2022-11-07 18:58:06.794203
Eletrodomésticos,Filial 4,Máscara de cílios,37.23,29,2022-10-26 18:58:06.794203
Roupas,Filial 6,Máscara de cílios,92.11,9,2022-12-11 18:58:06.794203
Alimentos,Filial 7,Máscara de cílios,67.63,82,2023-07-18 18:58:06.794203
Alimentos,Filial 3,Blush em pó,3.8,13,2023-06-13 18:58:06.794203
Eletrodomésticos,Filial 8,Máscara de cílios,72.71,59,2022-09-07 18:58:06.794203
Eletrônicos,Filial 2,Batom líquido,10.03,36,2022-10-03 18:58:06.794203
Eletrônicos,Filial 5,Lápis de sobrancelha,26.59,23,2023-05-24 18:58:06.794203
Eletrônicos,Filial 3,Batom matte,27.41,99,2022-10-15 18:58:06.794203
Eletrodomésticos,Filial 10,Pó compacto,95.41,29,2022-12-04 18:58:06.794203
Alimentos,Filial 3,Lápis de sobrancelha,19.67,86,2023-01-28 18:58:06.794203
Eletrodomésticos,Filial 6,Base líquida,6.82,66,2022-10-18 18:58:06.794203
Eletrodomésticos,Filial 10,Batom líquido,65.67,36,2022-10-14 18:58:06.794203
Roupas,Filial 6,Máscara de cílios,3.01,24,2023-09-01 18:58:06.794203
Eletrônicos,Filial 7,Batom líquido,71.94,67,2023-06-13 18:58:06.794203
Eletrodomésticos,Filial 2,Pó compacto,75.16,6,2023-06-21 18:58:06.794203
Eletrodomésticos,Filial 4,Batom matte,23.62,92,2023-05-09 18:58:06.794203
Roupas,Filial 10,Base líquida,78.79,53,2023-04-23 18:58:06.794203
Eletrônicos,Filial 1,Blush em pó,46.37,68,2023-02-04 18:58:06.794203
Eletrodomésticos,Filial 3,Blush em pó,88.9,57,2023-05-23 18:58:06.794203
Alimentos,Filial 7,Lápis de sobrancelha,56.44,75,2023-03-28 18:58:06.794203
Alimentos,Filial 9,Lápis de sobrancelha,32.74,15,2023-01-17 18:58:06.794203
Roupas,Filial 7,Blush em pó,39.23,71,2022-11-19 18:58:06.794203
Roupas,Filial 6,Batom matte,91.44,75,2023-05-14 18:58:06.794203
Eletrônicos,Filial 4,Sombra de olhos,88.47,29,2023-04-16 18:58:06.794203
Eletrodomésticos,Filial 4,Pó compacto,53.05,70,2023-01-23 18:58:06.794203
Eletrodomésticos,Filial 3,Delineador líquido,20.39,28,2023-07-02 18:58:06.794203
Eletrodomésticos,Filial 7,Sombra de olhos,66.35,83,2022-09-07 18:58:06.794203
Roupas,Filial 7,Máscara de cílios,7.27,44,2022-11-23 18:58:06.794203
Roupas,Filial 1,Sombra de olhos,87.96,13,2023-02-22 18:58:06.794203
Eletrodomésticos,Filial 2,Pó compacto,40.73,59,2023-01-25 18:58:06.794203
Eletrodomésticos,Filial 7,Base líquida,70.46,93,2023-07-02 18:58:06.794203
Eletrônicos,Filial 1,Lápis de sobrancelha,13.01,90,2023-04-25 18:58:06.794203
Eletrônicos,Filial 1,Máscara de cílios,82.99,48,2023-03-28 18:58:06.794203
Eletrônicos,Filial 4,Blush em pó,32.77,64,2022-11-08 18:58:06.794203
Eletrodomésticos,Filial 8,Delineador líquido,33.39,12,2023-05-31 18:58:06.794203
Alimentos,Filial 10,Base líquida,78.27,54,2022-12-05 18:58:06.794203
Eletrônicos,Filial 5,Corretivo,93.9,13,2022-10-19 18:58:06.794203
Roupas,Filial 2,Lápis de sobrancelha,98.44,95,2023-03-13 18:58:06.794203
Eletrônicos,Filial 2,Pó compacto,71.35,32,2022-09-28 18:58:06.794203
Alimentos,Filial 10,Blush em pó,79.72,58,2022-09-23 18:58:06.794203
Eletrodomésticos,Filial 1,Batom líquido,22.24,79,2022-10-07 18:58:06.794203
Alimentos,Filial 10,Sombra de olhos,65.35,71,2022-09-08 18:58:06.794203
Alimentos,Filial 8,Batom matte,55.35,45,2023-02-23 18:58:06.794203
Alimentos,Filial 5,Pó compacto,48.24,31,2023-08-08 18:58:06.794203
Alimentos,Filial 4,Máscara de cílios,96.2,88,2022-10-28 18:58:06.794203
Eletrônicos,Filial 10,Batom líquido,29.05,35,2022-10-29 18:58:06.794203
Alimentos,Filial 10,Delineador líquido,67.05,22,2023-07-23 18:58:06.794203
Eletrodomésticos,Filial 6,Sombra de olhos,13.4,40,2023-04-13 18:58:06.794203
Eletrônicos,Filial 7,Máscara de cílios,18.36,19,2022-09-18 18:58:06.794203
Alimentos,Filial 8,Batom matte,78.87,52,2023-08-19 18:58:06.794203
Roupas,Filial 6,Batom matte,60.93,22,2023-08-01 18:58:06.794203
Eletrônicos,Filial 10,Sombra de olhos,58.81,100,2023-03-29 18:58:06.794203
Roupas,Filial 10,Máscara de cílios,90.44,4,2022-11-20 18:58:06.794203
Eletrônicos,Filial 2,Pó compacto,61.01,40,2023-05-30 18:58:06.794203
Eletrônicos,Filial 1,Corretivo,8.76,68,2023-01-05 18:58:06.794203
Roupas,Filial 6,Lápis de sobrancelha,90.7,76,2022-12-13 18:58:06.794203
Eletrônicos,Filial 7,Sombra de olhos,78.11,65,2022-09-19 18:58:06.794203
Alimentos,Filial 1,Máscara de cílios,1.09,5,2022-12-04 18:58:06.794203
Eletrodomésticos,Filial 4,Delineador líquido,17.27,85,2023-06-11 18:58:06.794203
Eletrodomésticos,Filial 10,Delineador líquido,43.3,42,2023-08-26 18:58:06.794203
Eletrodomésticos,Filial 7,Sombra de olhos,35.79,39,2022-11-08 18:58:06.794203
Eletrodomésticos,Filial 10,Sombra de olhos,20.11,41,2022-12-10 18:58:06.794203
Alimentos,Filial 10,Lápis de sobrancelha,99.11,41,2022-09-09 18:58:06.794203
Roupas,Filial 5,Base líquida,48.68,22,2023-01-02 18:58:06.794203
Roupas,Filial 6,Blush em pó,2.45,97,2023-08-24 18:58:06.794203
Eletrodomésticos,Filial 4,Sombra de olhos,62.73,71,2022-10-08 18:58:06.794203
Alimentos,Filial 8,Batom matte,36.5,71,2022-10-26 18:58:06.794203
Eletrônicos,Filial 3,Lápis de sobrancelha,82.04,2,2023-07-08 18:58:06.794203
Eletrodomésticos,Filial 10,Batom matte,35.4,59,2023-04-23 18:58:06.794203
Roupas,Filial 3,Batom líquido,39.12,3,2023-01-15 18:58:06.794203
Eletrodomésticos,Filial 1,Pó compacto,27.53,68,2022-12-07 18:58:06.794203
Eletrodomésticos,Filial 8,Pó compacto,55.22,43,2022-12-06 18:58:06.794203
Roupas,Filial 8,Máscara de cílios,6.25,5,2022-11-07 18:58:06.794203
Eletrodomésticos,Filial 1,Sombra de olhos,84.65,19,2022-10-06 18:58:06.794203
Eletrodomésticos,Filial 4,Sombra de olhos,79.76,49,2022-10-27 18:58:06.794203
Alimentos,Filial 2,Máscara de cílios,49.64,69,2023-07-31 18:58:06.794203
Roupas,Filial 2,Batom matte,4.66,22,2022-10-15 18:58:06.794203
Roupas,Filial 9,Base líquida,14.63,66,2023-05-22 18:58:06.794203
Eletrodomésticos,Filial 3,Delineador líquido,75.42,74,2023-01-24 18:58:06.794203
Eletrodomésticos,Filial 9,Máscara de cílios,84.42,43,2023-04-11 18:58:06.794203
Roupas,Filial 4,Base líquida,84.6,34,2022-09-20 18:58:06.794203
Eletrônicos,Filial 3,Batom matte,29.1,32,2023-03-19 18:58:06.794203
Roupas,Filial 10,Pó compacto,98.59,56,2023-06-26 18:58:06.794203
Eletrônicos,Filial 2,Batom líquido,60.34,46,2023-06-11 18:58:06.794203
Alimentos,Filial 1,Base líquida,92.43,18,2022-12-05 18:58:06.794203
Alimentos,Filial 3,Blush em pó,27.47,77,2022-09-28 18:58:06.794203
Alimentos,Filial 9,Blush em pó,17.53,48,2023-03-23 18:58:06.794203
Alimentos,Filial 7,Lápis de sobrancelha,48.38,98,2023-03-22 18:58:06.794203
Eletrodomésticos,Filial 7,Corretivo,75.09,54,2023-04-09 18:58:06.794203
Roupas,Filial 4,Pó compacto,41.61,25,2023-05-17 18:58:06.794203
Eletrônicos,Filial 10,Máscara de cílios,19.46,18,2022-09-10 18:58:06.794203
Eletrônicos,Filial 7,Pó compacto,21.33,62,2023-08-04 18:58:06.794203
Eletrodomésticos,Filial 4,Batom matte,85.08,50,2022-09-15 18:58:06.794203
Alimentos,Filial 1,Máscara de cílios,17.94,25,2023-04-20 18:58:06.794203
Eletrônicos,Filial 8,Corretivo,22.52,47,2022-09-20 18:58:06.794203
Alimentos,Filial 9,Corretivo,39.31,75,2022-09-13 18:58:06.794203
Eletrônicos,Filial 10,Corretivo,68.43,81,2022-11-20 18:58:06.794203
Alimentos,Filial 9,Lápis de sobrancelha,94.4,96,2022-12-24 18:58:06.794203
Eletrônicos,Filial 2,Lápis de sobrancelha,26.65,21,2023-04-30 18:58:06.794203
Eletrônicos,Filial 1,Base líquida,14.78,84,2023-08-17 18:58:06.794203
Roupas,Filial 4,Pó compacto,93.05,27,2023-06-07 18:58:06.794203
Eletrônicos,Filial 4,Lápis de sobrancelha,92.77,59,2023-02-07 18:58:06.794203
Alimentos,Filial 5,Lápis de sobrancelha,15.48,53,2023-05-05 18:58:06.794203
Eletrônicos,Filial 1,Base líquida,57.78,84,2023-09-03 18:58:06.794203
Eletrônicos,Filial 1,Delineador líquido,12.8,17,2023-07-17 18:58:06.794203
Roupas,Filial 2,Máscara de cílios,6.69,56,2023-02-22 18:58:06.794203
Alimentos,Filial 8,Blush em pó,77.77,17,2022-12-19 18:58:06.794203
Eletrônicos,Filial 5,Corretivo,30.56,79,2023-02-03 18:58:06.794203
Alimentos,Filial 7,Pó compacto,45.24,98,2023-05-04 18:58:06.794203
Alimentos,Filial 5,Delineador líquido,49.28,53,2023-05-15 18:58:06.794203
Eletrônicos,Filial 7,Lápis de sobrancelha,60.77,42,2023-06-06 18:58:06.794203
Eletrodomésticos,Filial 5,Base líquida,29.93,24,2022-10-14 18:58:06.794203
Roupas,Filial 9,Batom líquido,70.4,78,2023-06-15 18:58:06.794203
Eletrônicos,Filial 3,Delineador líquido,62.3,9,2022-10-01 18:58:06.794203
Eletrônicos,Filial 8,Delineador líquido,77.05,67,2022-10-21 18:58:06.794203
Eletrônicos,Filial 8,Delineador líquido,97.09,61,2023-01-22 18:58:06.794203
Eletrônicos,Filial 10,Base líquida,47.99,55,2023-03-29 18:58:06.794203
Roupas,Filial 10,Pó compacto,11.85,58,2023-01-03 18:58:06.794203
Roupas,Filial 4,Delineador líquido,96.45,6,2022-12-03 18:58:06.794203
Eletrônicos,Filial 5,Base líquida,27.47,75,2023-02-14 18:58:06.794203
Eletrodomésticos,Filial 9,Pó compacto,73.64,5,2023-02-10 18:58:06.794203
Eletrodomésticos,Filial 8,Base líquida,74.78,2,2023-02-07 18:58:06.794203
Alimentos,Filial 5,Batom matte,66.8,68,2022-12-04 18:58:06.794203
Alimentos,Filial 4,Sombra de olhos,76.96,58,2023-03-20 18:58:06.794203
Alimentos,Filial 3,Batom líquido,85.26,48,2022-09-19 18:58:06.794203
Eletrônicos,Filial 9,Delineador líquido,66.89,56,2022-10-19 18:58:06.794203
Eletrônicos,Filial 7,Blush em pó,8.48,74,2023-01-29 18:58:06.794203
Roupas,Filial 10,Blush em pó,89.89,81,2023-05-28 18:58:06.794203
Eletrodomésticos,Filial 6,Blush em pó,7.58,56,2023-04-01 18:58:06.794203
Roupas,Filial 7,Lápis de sobrancelha,4.88,73,2022-10-05 18:58:06.794203
Eletrodomésticos,Filial 9,Batom matte,31.38,64,2023-06-26 18:58:06.794203
Eletrodomésticos,Filial 7,Lápis de sobrancelha,23.48,91,2023-01-31 18:58:06.794203
Roupas,Filial 5,Corretivo,80.28,87,2022-11-08 18:58:06.794203
Roupas,Filial 2,Blush em pó,59.96,56,2023-03-14 18:58:06.794203
Eletrodomésticos,Filial 6,Corretivo,70.24,25,2023-07-12 18:58:06.794203
Eletrodomésticos,Filial 7,Blush em pó,11.49,6,2022-12-05 18:58:06.794203
Eletrônicos,Filial 2,Batom matte,72.79,80,2022-11-02 18:58:06.794203
Roupas,Filial 5,Máscara de cílios,39.06,90,2023-04-29 18:58:06.794203
Roupas,Filial 2,Base líquida,17.76,88,2022-09-07 18:58:06.794203
Eletrônicos,Filial 6,Batom líquido,72.48,42,2023-07-15 18:58:06.794203
Alimentos,Filial 9,Lápis de sobrancelha,3.73,1,2023-09-02 18:58:06.794203
Roupas,Filial 1,Corretivo,48.73,44,2022-10-19 18:58:06.794203
Eletrodomésticos,Filial 5,Blush em pó,75.63,18,2022-10-30 18:58:06.794203
Eletrônicos,Filial 1,Blush em pó,5.76,44,2023-03-08 18:58:06.794203
Roupas,Filial 6,Batom matte,29.51,55,2022-12-07 18:58:06.794203
Eletrodomésticos,Filial 3,Delineador líquido,45.05,65,2022-12-18 18:58:06.794203
Alimentos,Filial 8,Blush em pó,41.08,41,2023-03-07 18:58:06.794203
Alimentos,Filial 2,Lápis de sobrancelha,62.35,61,2023-06-05 18:58:06.794203
Eletrônicos,Filial 10,Batom líquido,60.65,83,2023-08-19 18:58:06.794203
Alimentos,Filial 5,Corretivo,11.14,42,2022-11-23 18:58:06.794203
Alimentos,Filial 6,Batom matte,87.86,56,2023-03-18 18:58:06.794203
Roupas,Filial 9,Batom líquido,81.66,12,2022-09-12 18:58:06.794203
Eletrodomésticos,Filial 3,Delineador líquido,24.42,1,2022-09-18 18:58:06.794203
Eletrônicos,Filial 3,Sombra de olhos,83.03,82,2023-03-18 18:58:06.794203
Roupas,Filial 9,Batom matte,74.61,90,2023-04-27 18:58:06.794203
Eletrodomésticos,Filial 9,Batom líquido,12.08,55,2023-05-10 18:58:06.794203
Alimentos,Filial 1,Máscara de cílios,3.17,3,2023-01-05 18:58:06.794203
Eletrônicos,Filial 1,Sombra de olhos,16.73,15,2022-10-25 18:58:06.794203
Roupas,Filial 1,Máscara de cílios,42.33,90,2022-09-12 18:58:06.794203
Alimentos,Filial 6,Base líquida,59.65,63,2023-01-31 18:58:06.794203
Eletrônicos,Filial 5,Sombra de olhos,18.26,16,2022-12-18 18:58:06.794203
Alimentos,Filial 9,Batom matte,50.31,22,2023-05-08 18:58:06.794203
Eletrônicos,Filial 8,Blush em pó,15.49,82,2022-12-06 18:58:06.794203
Eletrônicos,Filial 8,Pó compacto,24.47,58,2023-07-01 18:58:06.794203
Eletrodomésticos,Filial 9,Blush em pó,95.48,73,2022-11-07 18:58:06.794203
Eletrônicos,Filial 4,Máscara de cílios,31.22,16,2022-11-07 18:58:06.794203
Roupas,Filial 5,Batom matte,83.94,85,2023-02-11 18:58:06.794203
Eletrônicos,Filial 7,Lápis de sobrancelha,54.11,75,2022-12-11 18:58:06.794203
Eletrônicos,Filial 8,Máscara de cílios,11.92,3,2022-10-09 18:58:06.794203
Roupas,Filial 9,Delineador líquido,82.91,2,2023-03-03 18:58:06.794203
Eletrodomésticos,Filial 9,Blush em pó,26.05,97,2023-02-10 18:58:06.794203
Alimentos,Filial 7,Batom líquido,49.25,81,2023-08-22 18:58:06.794203
Roupas,Filial 4,Lápis de sobrancelha,33.47,38,2023-07-06 18:58:06.794203
Eletrodomésticos,Filial 6,Blush em pó,29.7,15,2023-06-17 18:58:06.794203
Roupas,Filial 3,Blush em pó,72.11,33,2022-09-21 18:58:06.794203
Eletrônicos,Filial 1,Batom líquido,99.47,56,2023-05-18 18:58:06.794203
Eletrônicos,Filial 9,Blush em pó,49.38,12,2022-09-23 18:58:06.794203
Alimentos,Filial 5,Blush em pó,41.22,66,2023-02-26 18:58:06.794203
Alimentos,Filial 5,Delineador líquido,63.37,75,2023-08-16 18:58:06.794203
Alimentos,Filial 9,Lápis de sobrancelha,86.9,96,2023-02-09 18:58:06.794203
Roupas,Filial 3,Sombra de olhos,31.02,8,2022-10-30 18:58:06.794203
Eletrônicos,Filial 10,Batom líquido,34.31,30,2023-02-12 18:58:06.794203
Alimentos,Filial 4,Blush em pó,57.85,91,2023-02-26 18:58:06.794203
Roupas,Filial 9,Delineador líquido,93.06,62,2022-09-26 18:58:06.794203
Roupas,Filial 6,Delineador líquido,20.09,89,2023-01-05 18:58:06.794203
Roupas,Filial 1,Pó compacto,51.48,85,2023-04-04 18:58:06.794203
Eletrodomésticos,Filial 9,Lápis de sobrancelha,68.58,44,2023-01-12 18:58:06.794203
Eletrônicos,Filial 2,Batom matte,98.55,63,2022-12-06 18:58:06.794203
Alimentos,Filial 10,Sombra de olhos,79.41,89,2023-04-27 18:58:06.794203
Alimentos,Filial 5,Pó compacto,96.43,96,2023-08-22 18:58:06.794203
Eletrodomésticos,Filial 3,Pó compacto,17.3,87,2022-09-07 18:58:06.794203
Roupas,Filial 2,Pó compacto,75.73,55,2023-05-28 18:58:06.794203
Roupas,Filial 2,Batom matte,17.65,9,2023-08-12 18:58:06.794203
Eletrodomésticos,Filial 4,Lápis de sobrancelha,86.62,47,2023-04-15 18:58:06.794203
Eletrodomésticos,Filial 6,Corretivo,47.74,56,2023-06-11 18:58:06.794203
Roupas,Filial 10,Máscara de cílios,76.57,66,2023-01-08 18:58:06.794203
Alimentos,Filial 10,Máscara de cílios,96.89,18,2023-09-05 18:58:06.794203
Roupas,Filial 6,Batom matte,9.22,45,2023-01-10 18:58:06.794203
Eletrodomésticos,Filial 4,Lápis de sobrancelha,68.73,22,2023-02-14 18:58:06.794203
Eletrodomésticos,Filial 1,Blush em pó,23.71,96,2022-10-22 18:58:06.794203
Eletrônicos,Filial 6,Batom matte,85.96,72,2023-06-12 18:58:06.794203
Eletrônicos,Filial 3,Máscara de cílios,87.49,66,2023-03-24 18:58:06.794203
Eletrônicos,Filial 5,Batom matte,25.87,71,2023-03-16 18:58:06.794203
Eletrônicos,Filial 8,Base líquida,47.3,22,2023-08-12 18:58:06.794203
Alimentos,Filial 9,Sombra de olhos,44.1,85,2023-03-11 18:58:06.794203
Roupas,Filial 2,Máscara de cílios,99.59,24,2022-11-15 18:58:06.794203
Alimentos,Filial 3,Delineador líquido,2.71,73,2023-07-19 18:58:06.794203
Eletrodomésticos,Filial 4,Lápis de sobrancelha,24.42,10,2022-09-23 18:58:06.794203
Alimentos,Filial 1,Corretivo,95.37,36,2023-01-19 18:58:06.794203
Eletrodomésticos,Filial 6,Sombra de olhos,85.94,63,2022-10-13 18:58:06.794203
Roupas,Filial 3,Máscara de cílios,29.19,12,2022-09-08 18:58:06.794203
Eletrônicos,Filial 6,Sombra de olhos,61.79,17,2022-10-03 18:58:06.794203
Eletrônicos,Filial 4,Pó compacto,81.07,16,2023-07-02 18:58:06.794203
Roupas,Filial 4,Lápis de sobrancelha,65.56,43,2023-04-12 18:58:06.794203
Eletrônicos,Filial 6,Batom líquido,82.91,62,2022-10-03 18:58:06.794203
Roupas,Filial 2,Lápis de sobrancelha,91.49,61,2023-02-27 18:58:06.794203
Alimentos,Filial 9,Batom líquido,41.62,49,2022-11-02 18:58:06.794203
Alimentos,Filial 5,Batom líquido,64.8,6,2023-02-01 18:58:06.794203
Alimentos,Filial 7,Blush em pó,71.0,80,2023-01-26 18:58:06.794203
Eletrônicos,Filial 2,Delineador líquido,50.61,51,2023-05-24 18:58:06.794203
Roupas,Filial 3,Base líquida,32.13,95,2022-10-19 18:58:06.794203
Eletrodomésticos,Filial 4,Blush em pó,25.53,39,2022-10-05 18:58:06.794203
Eletrônicos,Filial 4,Pó compacto,59.98,97,2023-06-12 18:58:06.794203
Alimentos,Filial 5,Delineador líquido,81.15,36,2023-03-24 18:58:06.794203
Eletrônicos,Filial 9,Pó compacto,69.43,86,2023-01-30 18:58:06.794203
Roupas,Filial 7,Blush em pó,87.66,82,2022-09-19 18:58:06.794203
Eletrônicos,Filial 10,Máscara de cílios,87.65,90,2022-11-03 18:58:06.794203
Eletrodomésticos,Filial 9,Corretivo,38.17,39,2023-05-12 18:58:06.794203
Alimentos,Filial 5,Pó compacto,3.72,87,2023-01-23 18:58:06.794203
Eletrodomésticos,Filial 8,Lápis de sobrancelha,82.92,91,2023-05-03 18:58:06.794203
Eletrodomésticos,Filial 3,Delineador líquido,73.64,5,2022-10-18 18:58:06.794203
Eletrônicos,Filial 4,Pó compacto,7.4,26,2022-11-06 18:58:06.794203
Roupas,Filial 2,Pó compacto,6.72,76,2022-11-30 18:58:06.794203
Eletrônicos,Filial 9,Sombra de olhos,62.62,81,2023-05-13 18:58:06.794203
Eletrodomésticos,Filial 8,Delineador líquido,93.93,15,2023-04-03 18:58:06.794203
Roupas,Filial 6,Base líquida,29.49,15,2023-07-10 18:58:06.794203
Eletrônicos,Filial 10,Blush em pó,75.77,90,2023-05-29 18:58:06.794203
Roupas,Filial 8,Corretivo,56.75,99,2023-05-16 18:58:06.794203
Eletrônicos,Filial 2,Batom líquido,36.38,8,2023-05-25 18:58:06.794203
Alimentos,Filial 4,Batom matte,42.44,28,2023-04-05 18:58:06.794203
Eletrodomésticos,Filial 4,Sombra de olhos,77.27,86,2022-10-31 18:58:06.794203
Roupas,Filial 10,Pó compacto,25.84,55,2023-02-13 18:58:06.794203
Eletrônicos,Filial 10,Máscara de cílios,38.5,8,2022-12-31 18:58:06.794203
Eletrônicos,Filial 1,Lápis de sobrancelha,3.61,58,2023-05-14 18:58:06.794203
Alimentos,Filial 2,Delineador líquido,37.76,58,2023-02-22 18:58:06.794203
Roupas,Filial 3,Batom matte,23.8,100,2023-08-24 18:58:06.794203
Eletrodomésticos,Filial 6,Base líquida,47.89,47,2022-12-02 18:58:06.794203
Eletrônicos,Filial 1,Batom matte,54.78,81,2023-03-10 18:58:06.794203
Alimentos,Filial 8,Batom líquido,56.57,86,2023-04-29 18:58:06.794203
Eletrodomésticos,Filial 6,Delineador líquido,87.52,15,2022-09-13 18:58:06.794203
Alimentos,Filial 3,Base líquida,78.31,74,2023-01-19 18:58:06.794203
Eletrônicos,Filial 7,Lápis de sobrancelha,80.9,17,2022-11-14 18:58:06.794203
Roupas,Filial 9,Batom líquido,70.26,39,2023-02-26 18:58:06.794203
Eletrônicos,Filial 4,Máscara de cílios,37.78,30,2022-11-01 18:58:06.794203
Roupas,Filial 5,Batom líquido,75.55,85,2022-12-29 18:58:06.794203
Alimentos,Filial 9,Lápis de sobrancelha,92.44,54,2022-12-06 18:58:06.794203
Eletrônicos,Filial 5,Blush em pó,95.42,5,2022-09-29 18:58:06.794203
Eletrodomésticos,Filial 7,Base líquida,38.15,50,2023-04-03 18:58:06.794203
Eletrodomésticos,Filial 6,Máscara de cílios,81.3,32,2023-07-28 18:58:06.794203
Eletrônicos,Filial 9,Corretivo,31.55,27,2022-11-10 18:58:06.794203
Roupas,Filial 7,Lápis de sobrancelha,28.79,86,2023-07-18 18:58:06.794203
Alimentos,Filial 8,Batom líquido,62.67,94,2023-05-04 18:58:06.794203
Alimentos,Filial 5,Batom matte,51.89,21,2022-11-26 18:58:06.794203
Alimentos,Filial 4,Pó compacto,26.49,5,2022-09-10 18:58:06.794203
Alimentos,Filial 3,Delineador líquido,69.44,94,2023-08-08 18:58:06.794203
Alimentos,Filial 1,Sombra de olhos,71.18,74,2023-02-15 18:58:06.794203
Roupas,Filial 7,Blush em pó,50.03,75,2022-10-04 18:58:06.794203
Roupas,Filial 7,Sombra de olhos,96.3,5,2023-05-08 18:58:06.794203
Eletrônicos,Filial 9,Blush em pó,85.72,86,2022-11-30 18:58:06.794203
Eletrônicos,Filial 2,Delineador líquido,84.57,59,2023-01-04 18:58:06.794203
Alimentos,Filial 6,Corretivo,53.42,66,2022-12-18 18:58:06.794203
Roupas,Filial 10,Batom matte,46.09,95,2022-12-07 18:58:06.794203
Roupas,Filial 2,Batom líquido,38.79,46,2023-06-02 18:58:06.794203
Alimentos,Filial 8,Corretivo,92.59,85,2022-09-08 18:58:06.794203
Eletrodomésticos,Filial 8,Batom líquido,94.57,49,2023-05-09 18:58:06.794203
Eletrodomésticos,Filial 2,Sombra de olhos,63.26,64,2023-01-15 18:58:06.794203
Eletrodomésticos,Filial 8,Blush em pó,44.83,19,2022-12-08 18:58:06.794203
Eletrodomésticos,Filial 5,Batom matte,25.26,56,2023-01-04 18:58:06.794203
Eletrônicos,Filial 4,Batom líquido,11.28,7,2023-01-13 18:58:06.794203
Eletrônicos,Filial 8,Batom matte,19.74,74,2022-12-08 18:58:06.794203
Eletrodomésticos,Filial 8,Blush em pó,3.03,76,2022-09-24 18:58:06.794203
Eletrônicos,Filial 10,Corretivo,85.48,95,2023-03-02 18:58:06.794203
Alimentos,Filial 7,Batom líquido,11.21,46,2023-02-24 18:58:06.794203
Alimentos,Filial 7,Batom matte,49.12,84,2022-10-24 18:58:06.794203
Alimentos,Filial 8,Delineador líquido,55.63,84,2022-11-02 18:58:06.794203
Eletrônicos,Filial 6,Batom matte,59.48,51,2023-05-27 18:58:06.794203
Alimentos,Filial 6,Batom líquido,11.55,82,2023-02-14 18:58:06.794203
Roupas,Filial 7,Base líquida,84.71,90,2023-02-28 18:58:06.794203
Alimentos,Filial 2,Base líquida,4.2,96,2023-03-30 18:58:06.794203
Alimentos,Filial 8,Lápis de sobrancelha,32.37,52,2023-02-16 18:58:06.794203
Alimentos,Filial 3,Sombra de olhos,2.19,33,2023-02-20 18:58:06.794203
Eletrônicos,Filial 9,Sombra de olhos,62.36,84,2022-11-01 18:58:06.794203
Eletrônicos,Filial 9,Máscara de cílios,86.52,12,2023-04-10 18:58:06.794203
Alimentos,Filial 3,Sombra de olhos,64.27,46,2022-12-16 18:58:06.794203
Eletrodomésticos,Filial 8,Máscara de cílios,70.82,54,2022-11-23 18:58:06.794203
Eletrodomésticos,Filial 6,Batom matte,88.51,81,2023-07-13 18:58:06.794203
Eletrodomésticos,Filial 8,Batom líquido,92.64,37,2022-10-20 18:58:06.794203
Eletrônicos,Filial 9,Batom líquido,95.31,11,2023-08-01 18:58:06.794203
Alimentos,Filial 1,Batom matte,21.49,82,2023-04-20 18:58:06.794203
Eletrodomésticos,Filial 10,Corretivo,6.23,56,2023-04-19 18:58:06.794203
Roupas,Filial 7,Base líquida,55.0,1,2023-01-29 18:58:06.794203
Roupas,Filial 9,Corretivo,95.68,83,2023-07-11 18:58:06.794203
Eletrodomésticos,Filial 5,Base líquida,3.74,91,2022-09-22 18:58:06.794203
Eletrônicos,Filial 7,Pó compacto,99.4,51,2023-02-03 18:58:06.794203
Eletrônicos,Filial 10,Base líquida,36.87,100,2023-08-22 18:58:06.794203
Roupas,Filial 2,Blush em pó,50.48,22,2022-10-31 18:58:06.794203
Eletrônicos,Filial 7,Base líquida,64.88,4,2022-10-24 18:58:06.794203
Eletrodomésticos,Filial 10,Pó compacto,5.53,25,2022-09-27 18:58:06.794203
Alimentos,Filial 4,Base líquida,15.26,12,2023-05-03 18:58:06.794203
Eletrodomésticos,Filial 2,Base líquida,21.53,51,2023-07-03 18:58:06.794203
Alimentos,Filial 10,Pó compacto,52.16,70,2022-12-09 18:58:06.794203
Eletrodomésticos,Filial 6,Pó compacto,88.52,3,2023-07-01 18:58:06.794203
Alimentos,Filial 5,Lápis de sobrancelha,84.42,86,2023-06-12 18:58:06.794203
Eletrônicos,Filial 10,Batom líquido,91.17,41,2023-09-04 18:58:06.794203
Eletrodomésticos,Filial 1,Corretivo,38.64,91,2022-11-24 18:58:06.794203
Roupas,Filial 4,Delineador líquido,40.08,38,2022-09-06 18:58:06.794203
Alimentos,Filial 4,Blush em pó,53.62,95,2023-08-04 18:58:06.794203
Eletrodomésticos,Filial 9,Máscara de cílios,72.2,66,2023-04-09 18:58:06.794203
Eletrodomésticos,Filial 9,Delineador líquido,50.72,7,2022-09-13 18:58:06.794203
Roupas,Filial 5,Blush em pó,37.44,24,2022-12-04 18:58:06.794203
Roupas,Filial 5,Lápis de sobrancelha,38.85,73,2023-02-07 18:58:06.794203
Roupas,Filial 3,Batom líquido,88.73,44,2023-05-01 18:58:06.794203
Eletrodomésticos,Filial 7,Blush em pó,53.05,61,2023-04-18 18:58:06.794203
Roupas,Filial 7,Máscara de cílios,7.6,17,2022-12-19 18:58:06.794203
Alimentos,Filial 6,Batom matte,34.08,48,2023-06-14 18:58:06.794203
Roupas,Filial 2,Blush em pó,81.75,52,2023-08-28 18:58:06.794203
Eletrodomésticos,Filial 8,Sombra de olhos,19.07,40,2023-05-28 18:58:06.794203
Eletrodomésticos,Filial 3,Batom matte,18.5,93,2023-07-24 18:58:06.794203
Eletrodomésticos,Filial 3,Sombra de olhos,91.89,80,2023-03-22 18:58:06.794203
Alimentos,Filial 10,Blush em pó,86.69,95,2023-05-20 18:58:06.794203
Eletrodomésticos,Filial 5,Máscara de cílios,52.85,68,2022-10-06 18:58:06.794203
Eletrodomésticos,Filial 3,Corretivo,31.32,62,2023-03-12 18:58:06.794203
Alimentos,Filial 8,Lápis de sobrancelha,43.27,40,2023-05-25 18:58:06.794203
Eletrodomésticos,Filial 10,Base líquida,69.27,11,2022-11-27 18:58:06.794203
Eletrônicos,Filial 1,Blush em pó,23.75,63,2023-01-07 18:58:06.794203
Alimentos,Filial 10,Delineador líquido,87.02,47,2023-02-28 18:58:06.794203
Eletrônicos,Filial 3,Delineador líquido,44.2,46,2023-06-25 18:58:06.794203
Alimentos,Filial 5,Sombra de olhos,4.98,74,2023-02-19 18:58:06.794203
Eletrônicos,Filial 4,Base líquida,89.43,61,2023-08-28 18:58:06.794203
Eletrodomésticos,Filial 8,Base líquida,50.41,81,2023-03-02 18:58:06.794203
Alimentos,Filial 6,Base líquida,27.9,60,2023-06-03 18:58:06.794203
Eletrodomésticos,Filial 6,Corretivo,30.33,91,2023-08-17 18:58:06.794203
Roupas,Filial 7,Delineador líquido,31.95,36,2023-05-20 18:58:06.794203
Eletrônicos,Filial 8,Delineador líquido,95.48,79,2023-07-14 18:58:06.794203
Alimentos,Filial 7,Corretivo,35.5,43,2023-04-10 18:58:06.794203
Eletrodomésticos,Filial 2,Pó compacto,63.7,86,2023-04-17 18:58:06.794203
Eletrônicos,Filial 6,Batom matte,18.91,44,2023-03-15 18:58:06.794203
Eletrodomésticos,Filial 4,Delineador líquido,77.49,25,2023-03-28 18:58:06.794203
Alimentos,Filial 7,Delineador líquido,11.58,30,2023-03-31 18:58:06.794203
Roupas,Filial 2,Máscara de cílios,29.0,59,2023-06-23 18:58:06.794203
Alimentos,Filial 4,Pó compacto,66.37,11,2022-10-03 18:58:06.794203
Roupas,Filial 7,Máscara de cílios,59.98,78,2023-04-28 18:58:06.794203
Eletrodomésticos,Filial 5,Blush em pó,80.14,32,2023-02-11 18:58:06.794203
Alimentos,Filial 9,Sombra de olhos,83.74,45,2022-10-25 18:58:06.794203
Eletrodomésticos,Filial 9,Delineador líquido,67.36,51,2023-07-24 18:58:06.794203
Eletrônicos,Filial 3,Sombra de olhos,88.95,35,2022-12-28 18:58:06.794203
Alimentos,Filial 5,Batom matte,58.32,53,2023-03-01 18:58:06.794203
Eletrodomésticos,Filial 10,Blush em pó,43.45,8,2023-04-06 18:58:06.794203
Eletrônicos,Filial 3,Batom matte,49.77,68,2023-07-31 18:58:06.794203
Eletrônicos,Filial 3,Blush em pó,3.72,63,2023-05-13 18:58:06.794203
Eletrodomésticos,Filial 10,Base líquida,14.95,82,2022-09-20 18:58:06.794203
Roupas,Filial 7,Batom líquido,11.71,89,2023-08-23 18:58:06.794203
Eletrônicos,Filial 2,Lápis de sobrancelha,45.92,53,2022-11-16 18:58:06.794203
Roupas,Filial 8,Corretivo,95.18,11,2023-01-06 18:58:06.794203
Alimentos,Filial 1,Batom matte,4.85,82,2023-04-04 18:58:06.794203
Eletrônicos,Filial 7,Delineador líquido,93.84,76,2023-07-19 18:58:06.794203
Eletrodomésticos,Filial 4,Sombra de olhos,80.92,77,2023-06-08 18:58:06.794203
Eletrodomésticos,Filial 10,Delineador líquido,46.65,55,2023-03-10 18:58:06.794203
Alimentos,Filial 8,Lápis de sobrancelha,59.92,88,2022-09-16 18:58:06.794203
Alimentos,Filial 5,Pó compacto,21.25,44,2023-01-08 18:58:06.794203
Eletrodomésticos,Filial 5,Delineador líquido,8.46,23,2023-07-03 18:58:06.794203
Roupas,Filial 2,Pó compacto,10.79,97,2023-04-15 18:58:06.794203
Eletrônicos,Filial 4,Delineador líquido,77.48,24,2023-07-27 18:58:06.794203
Eletrônicos,Filial 3,Máscara de cílios,28.31,85,2023-07-10 18:58:06.794203
Roupas,Filial 3,Pó compacto,27.03,47,2022-12-13 18:58:06.794203
Eletrônicos,Filial 7,Batom matte,75.77,2,2023-06-30 18:58:06.794203
Eletrônicos,Filial 10,Sombra de olhos,23.06,53,2022-11-23 18:58:06.794203
Alimentos,Filial 3,Batom matte,63.53,92,2023-01-04 18:58:06.794203
Eletrodomésticos,Filial 4,Batom matte,75.45,5,2022-12-10 18:58:06.794203
Roupas,Filial 6,Delineador líquido,29.74,83,2023-04-29 18:58:06.794203
Alimentos,Filial 5,Corretivo,66.22,12,2023-03-07 18:58:06.794203
Eletrônicos,Filial 1,Máscara de cílios,41.16,57,2023-05-20 18:58:06.794203
Eletrônicos,Filial 10,Delineador líquido,3.96,11,2023-08-27 18:58:06.794203
Alimentos,Filial 5,Lápis de sobrancelha,23.2,84,2023-04-11 18:58:06.794203
Eletrodomésticos,Filial 7,Máscara de cílios,47.71,29,2023-07-23 18:58:06.794203
Eletrodomésticos,Filial 9,Batom matte,82.86,30,2023-01-29 18:58:06.794203
Eletrodomésticos,Filial 9,Pó compacto,34.58,99,2023-06-24 18:58:06.794203
Alimentos,Filial 3,Batom matte,16.32,1,2023-08-17 18:58:06.794203
Eletrônicos,Filial 6,Pó compacto,30.94,26,2023-01-17 18:58:06.794203
Roupas,Filial 4,Batom matte,6.81,59,2023-04-01 18:58:06.794203
Alimentos,Filial 6,Batom matte,66.38,79,2023-04-25 18:58:06.794203
Eletrodomésticos,Filial 6,Lápis de sobrancelha,72.32,14,2022-11-08 18:58:06.794203
Eletrodomésticos,Filial 7,Batom líquido,99.68,45,2022-11-11 18:58:06.794203
Alimentos,Filial 2,Base líquida,44.94,6,2023-04-13 18:58:06.794203
Alimentos,Filial 5,Batom líquido,82.88,86,2023-08-16 18:58:06.794203
Eletrônicos,Filial 5,Pó compacto,33.33,16,2023-08-03 18:58:06.794203
Eletrônicos,Filial 6,Delineador líquido,6.55,6,2023-07-10 18:58:06.794203
Roupas,Filial 7,Batom líquido,11.39,31,2022-11-01 18:58:06.794203
Eletrônicos,Filial 1,Sombra de olhos,36.49,35,2023-06-19 18:58:06.794203
Roupas,Filial 6,Batom líquido,89.37,38,2023-04-13 18:58:06.794203
Alimentos,Filial 2,Lápis de sobrancelha,13.47,75,2023-08-13 18:58:06.794203
Alimentos,Filial 9,Corretivo,40.02,65,2023-07-14 18:58:06.794203
Eletrodomésticos,Filial 3,Batom líquido,15.11,27,2023-06-09 18:58:06.794203
Eletrônicos,Filial 4,Lápis de sobrancelha,87.84,99,2023-01-01 18:58:06.794203
Eletrodomésticos,Filial 4,Sombra de olhos,80.68,100,2023-03-08 18:58:06.794203
Alimentos,Filial 1,Blush em pó,37.02,91,2022-11-10 18:58:06.794203
Eletrônicos,Filial 6,Pó compacto,29.8,23,2023-05-09 18:58:06.794203
Alimentos,Filial 4,Corretivo,92.08,72,2023-02-24 18:58:06.794203
Roupas,Filial 6,Blush em pó,33.05,71,2022-09-13 18:58:06.794203
Eletrodomésticos,Filial 1,Máscara de cílios,92.17,18,2023-03-25 18:58:06.794203
Alimentos,Filial 7,Pó compacto,47.13,32,2023-04-13 18:58:06.794203
Eletrônicos,Filial 5,Lápis de sobrancelha,77.71,58,2023-02-27 18:58:06.794203
Eletrônicos,Filial 3,Batom matte,85.66,67,2023-01-14 18:58:06.794203
Roupas,Filial 8,Máscara de cílios,30.0,83,2023-07-26 18:58:06.794203
Eletrodomésticos,Filial 6,Máscara de cílios,57.18,94,2023-01-04 18:58:06.794203
Roupas,Filial 9,Corretivo,46.14,36,2023-07-07 18:58:06.794203
Roupas,Filial 2,Pó compacto,94.89,3,2023-06-10 18:58:06.794203
Alimentos,Filial 10,Batom matte,67.51,47,2022-10-17 18:58:06.794203
Eletrônicos,Filial 4,Base líquida,65.67,13,2023-05-08 18:58:06.794203
Roupas,Filial 5,Batom matte,31.73,86,2022-10-20 18:58:06.794203
Eletrônicos,Filial 7,Máscara de cílios,94.35,59,2022-10-16 18:58:06.794203
Eletrônicos,Filial 7,Delineador líquido,43.73,73,2022-09-09 18:58:06.794203
Roupas,Filial 7,Blush em pó,63.5,28,2023-07-29 18:58:06.794203
Eletrônicos,Filial 9,Batom líquido,44.96,3,2022-11-12 18:58:06.794203
Alimentos,Filial 1,Blush em pó,34.94,80,2022-10-14 18:58:06.794203
Eletrônicos,Filial 5,Batom líquido,52.18,40,2022-10-19 18:58:06.794203
Alimentos,Filial 3,Máscara de cílios,31.61,59,2022-12-08 18:58:06.794203
Eletrodomésticos,Filial 1,Batom matte,17.25,69,2023-02-04 18:58:06.794203
Eletrodomésticos,Filial 6,Sombra de olhos,60.15,81,2023-05-24 18:58:06.794203
Roupas,Filial 1,Batom matte,3.48,24,2023-02-14 18:58:06.794203
Alimentos,Filial 7,Corretivo,55.1,17,2022-12-29 18:58:06.794203
Eletrodomésticos,Filial 6,Base líquida,28.6,58,2023-01-30 18:58:06.794203
Eletrodomésticos,Filial 7,Máscara de cílios,28.25,93,2023-04-19 18:58:06.794203
Eletrodomésticos,Filial 8,Lápis de sobrancelha,9.53,43,2023-06-18 18:58:06.794203
Eletrônicos,Filial 10,Batom líquido,23.71,90,2023-03-12 18:58:06.794203
Roupas,Filial 8,Batom líquido,20.62,22,2022-12-30 18:58:06.794203
Roupas,Filial 3,Base líquida,10.97,62,2023-06-18 18:58:06.794203
Eletrônicos,Filial 7,Blush em pó,46.84,89,2022-09-13 18:58:06.794203
Alimentos,Filial 9,Base líquida,33.96,24,2023-07-01 18:58:06.794203
Eletrodomésticos,Filial 1,Batom matte,63.3,22,2023-08-07 18:58:06.794203
Roupas,Filial 1,Lápis de sobrancelha,45.95,59,2023-08-25 18:58:06.794203
Eletrônicos,Filial 4,Base líquida,71.21,8,2023-03-30 18:58:06.794203
Eletrônicos,Filial 1,Base líquida,30.66,1,2023-02-08 18:58:06.794203
Roupas,Filial 9,Sombra de olhos,90.05,42,2022-11-26 18:58:06.794203
Roupas,Filial 9,Máscara de cílios,88.08,4,2023-08-23 18:58:06.794203
Eletrônicos,Filial 9,Corretivo,38.48,29,2023-05-21 18:58:06.794203
Eletrônicos,Filial 4,Base líquida,57.37,27,2023-04-19 18:58:06.794203
Alimentos,Filial 4,Máscara de cílios,18.84,7,2023-07-21 18:58:06.794203
Alimentos,Filial 5,Corretivo,95.89,28,2022-12-05 18:58:06.794203
Eletrodomésticos,Filial 6,Corretivo,52.67,31,2023-07-08 18:58:06.794203
Roupas,Filial 9,Batom matte,8.43,98,2023-01-31 18:58:06.794203
Alimentos,Filial 4,Lápis de sobrancelha,83.01,99,2023-06-21 18:58:06.794203
Eletrodomésticos,Filial 5,Delineador líquido,80.51,56,2022-11-07 18:58:06.794203
Eletrônicos,Filial 4,Lápis de sobrancelha,90.76,35,2023-03-26 18:58:06.794203
Alimentos,Filial 1,Delineador líquido,7.68,10,2023-05-07 18:58:06.794203
Eletrodomésticos,Filial 4,Pó compacto,15.95,46,2023-01-03 18:58:06.794203
Eletrônicos,Filial 9,Máscara de cílios,1.14,26,2022-09-19 18:58:06.794203
Roupas,Filial 9,Base líquida,38.15,13,2023-01-02 18:58:06.794203
Eletrodomésticos,Filial 5,Lápis de sobrancelha,61.38,6,2023-04-12 18:58:06.794203
Alimentos,Filial 9,Blush em pó,53.73,77,2023-02-26 18:58:06.794203
Alimentos,Filial 4,Batom matte,83.03,22,2023-04-10 18:58:06.794203
Alimentos,Filial 2,Blush em pó,80.9,57,2023-02-25 18:58:06.794203
Eletrodomésticos,Filial 7,Corretivo,84.55,95,2022-11-15 18:58:06.794203
Alimentos,Filial 8,Batom líquido,94.41,63,2022-11-06 18:58:06.794203
Alimentos,Filial 1,Máscara de cílios,33.08,83,2023-08-22 18:58:06.794203
Alimentos,Filial 8,Delineador líquido,52.37,39,2023-01-06 18:58:06.794203
Roupas,Filial 5,Base líquida,61.57,64,2023-08-25 18:58:06.794203
Alimentos,Filial 2,Corretivo,91.95,82,2023-08-25 18:58:06.794203
Eletrodomésticos,Filial 1,Base líquida,51.46,74,2023-04-08 18:58:06.794203
Alimentos,Filial 10,Batom líquido,62.31,61,2022-12-30 18:58:06.794203
Alimentos,Filial 1,Batom matte,79.0,55,2023-04-27 18:58:06.794203
Roupas,Filial 5,Batom líquido,48.84,78,2022-12-28 18:58:06.794203
Alimentos,Filial 2,Delineador líquido,35.21,29,2023-05-08 18:58:06.794203
Alimentos,Filial 3,Base líquida,14.93,61,2023-01-13 18:58:06.794203
Alimentos,Filial 5,Blush em pó,51.78,59,2022-11-10 18:58:06.794203
Eletrodomésticos,Filial 3,Sombra de olhos,53.31,5,2023-06-11 18:58:06.794203
Alimentos,Filial 6,Máscara de cílios,36.04,71,2023-06-01 18:58:06.794203
Roupas,Filial 7,Batom matte,79.81,48,2022-12-23 18:58:06.794203
Roupas,Filial 10,Batom matte,46.44,43,2023-07-06 18:58:06.794203
Alimentos,Filial 6,Batom líquido,19.04,71,2023-08-20 18:58:06.794203
Roupas,Filial 7,Delineador líquido,21.13,8,2022-09-12 18:58:06.794203
Roupas,Filial 3,Sombra de olhos,74.45,58,2022-09-26 18:58:06.794203
Eletrônicos,Filial 7,Delineador líquido,47.28,81,2022-12-25 18:58:06.794203
Eletrônicos,Filial 8,Corretivo,97.55,80,2023-03-10 18:58:06.794203
Roupas,Filial 9,Pó compacto,57.63,91,2023-07-31 18:58:06.794203
Eletrodomésticos,Filial 9,Máscara de cílios,90.96,41,2023-04-04 18:58:06.794203
Eletrônicos,Filial 9,Batom matte,23.11,94,2023-06-04 18:58:06.794203
Eletrodomésticos,Filial 7,Corretivo,61.93,54,2023-01-17 18:58:06.794203
Eletrodomésticos,Filial 3,Corretivo,91.75,14,2023-06-20 18:58:06.794203
Eletrônicos,Filial 10,Lápis de sobrancelha,5.78,81,2023-03-06 18:58:06.794203
Eletrônicos,Filial 1,Pó compacto,43.19,59,2023-02-09 18:58:06.794203
Eletrônicos,Filial 9,Base líquida,56.12,40,2023-04-27 18:58:06.794203
Eletrônicos,Filial 9,Sombra de olhos,11.85,81,2023-05-01 18:58:06.794203
Eletrodomésticos,Filial 10,Delineador líquido,87.51,87,2023-06-28 18:58:06.794203
Alimentos,Filial 2,Blush em pó,20.76,24,2022-10-27 18:58:06.794203
Roupas,Filial 8,Sombra de olhos,16.97,49,2023-06-08 18:58:06.794203
Eletrônicos,Filial 9,Corretivo,50.98,52,2022-09-13 18:58:06.794203
Eletrônicos,Filial 10,Máscara de cílios,17.15,47,2023-09-05 18:58:06.794203
Alimentos,Filial 5,Batom líquido,9.74,81,2023-07-02 18:58:06.794203
Roupas,Filial 8,Blush em pó,26.85,59,2023-01-23 18:58:06.794203
Alimentos,Filial 8,Delineador líquido,50.86,46,2023-08-23 18:58:06.794203
Eletrônicos,Filial 8,Sombra de olhos,65.32,46,2023-02-23 18:58:06.794203
Roupas,Filial 6,Pó compacto,74.64,1,2022-10-31 18:58:06.794203
Eletrônicos,Filial 4,Batom líquido,52.92,25,2023-07-18 18:58:06.794203
Alimentos,Filial 1,Blush em pó,74.34,57,2023-04-19 18:58:06.794203
Roupas,Filial 4,Pó compacto,97.73,96,2023-01-19 18:58:06.794203
Roupas,Filial 7,Blush em pó,71.76,20,2023-06-28 18:58:06.794203
Alimentos,Filial 8,Delineador líquido,58.0,52,2023-05-31 18:58:06.794203
Eletrônicos,Filial 10,Delineador líquido,73.78,62,2023-07-29 18:58:06.794203
Eletrônicos,Filial 4,Corretivo,10.86,70,2023-06-11 18:58:06.794203
Alimentos,Filial 7,Delineador líquido,51.84,90,2023-03-16 18:58:06.794203
Roupas,Filial 9,Pó compacto,7.03,71,2023-03-25 18:58:06.794203
Roupas,Filial 8,Sombra de olhos,99.93,18,2023-04-09 18:58:06.794203
Eletrodomésticos,Filial 1,Blush em pó,2.6,72,2023-07-09 18:58:06.794203
Eletrônicos,Filial 3,Corretivo,60.19,50,2023-06-25 18:58:06.794203
Alimentos,Filial 1,Batom matte,45.11,95,2022-11-21 18:58:06.794203
Roupas,Filial 1,Lápis de sobrancelha,47.55,57,2023-03-29 18:58:06.794203
Eletrônicos,Filial 10,Máscara de cílios,35.51,88,2023-07-01 18:58:06.794203
Roupas,Filial 2,Batom matte,33.6,37,2023-04-14 18:58:06.794203
Eletrodomésticos,Filial 7,Blush em pó,55.23,100,2023-03-16 18:58:06.794203
Alimentos,Filial 4,Lápis de sobrancelha,56.08,25,2022-11-24 18:58:06.794203
Eletrodomésticos,Filial 10,Batom líquido,35.95,17,2022-09-24 18:58:06.794203
Eletrônicos,Filial 6,Batom líquido,51.44,42,2023-05-25 18:58:06.794203
Eletrodomésticos,Filial 4,Pó compacto,25.2,21,2023-02-18 18:58:06.794203
Eletrônicos,Filial 7,Corretivo,21.37,59,2023-08-16 18:58:06.794203
Eletrônicos,Filial 9,Sombra de olhos,37.27,48,2023-08-22 18:58:06.794203
Roupas,Filial 6,Base líquida,91.77,14,2022-11-02 18:58:06.794203
Eletrônicos,Filial 9,Blush em pó,54.46,96,2022-09-25 18:58:06.794203
Eletrônicos,Filial 4,Corretivo,58.01,75,2022-11-21 18:58:06.794203
Eletrônicos,Filial 4,Batom líquido,74.45,22,2023-02-28 18:58:06.794203
Alimentos,Filial 9,Sombra de olhos,36.8,24,2023-01-02 18:58:06.794203
Alimentos,Filial 7,Batom líquido,69.54,2,2023-05-10 18:58:06.794203
Eletrônicos,Filial 2,Lápis de sobrancelha,39.21,9,2023-08-19 18:58:06.794203
Alimentos,Filial 10,Lápis de sobrancelha,70.53,29,2022-11-25 18:58:06.794203
Alimentos,Filial 10,Lápis de sobrancelha,8.39,48,2023-01-30 18:58:06.794203
Alimentos,Filial 7,Lápis de sobrancelha,37.45,63,2023-08-25 18:58:06.794203
Roupas,Filial 5,Batom líquido,87.25,81,2023-06-17 18:58:06.794203
Roupas,Filial 9,Blush em pó,10.18,26,2023-05-03 18:58:06.794203
Alimentos,Filial 6,Batom líquido,15.88,87,2023-08-29 18:58:06.794203
Eletrônicos,Filial 3,Base líquida,54.67,10,2022-11-12 18:58:06.794203
Eletrodomésticos,Filial 6,Base líquida,21.53,89,2023-06-21 18:58:06.794203
Roupas,Filial 4,Base líquida,3.96,52,2023-08-29 18:58:06.794203
Eletrodomésticos,Filial 5,Delineador líquido,77.86,71,2023-07-30 18:58:06.794203
Alimentos,Filial 5,Batom matte,18.72,83,2022-10-29 18:58:06.794203
Alimentos,Filial 7,Sombra de olhos,26.19,25,2023-02-14 18:58:06.794203
Alimentos,Filial 9,Lápis de sobrancelha,67.76,80,2023-03-20 18:58:06.794203
Alimentos,Filial 9,Pó compacto,98.89,66,2023-06-21 18:58:06.794203
Eletrodomésticos,Filial 8,Lápis de sobrancelha,17.8,15,2022-09-08 18:58:06.794203
Eletrônicos,Filial 9,Corretivo,55.82,9,2022-09-17 18:58:06.794203
Eletrodomésticos,Filial 6,Batom líquido,21.05,26,2023-05-28 18:58:06.794203
Alimentos,Filial 8,Delineador líquido,91.2,60,2022-11-10 18:58:06.794203
Eletrônicos,Filial 10,Sombra de olhos,12.96,54,2023-06-22 18:58:06.794203
Roupas,Filial 9,Máscara de cílios,51.5,48,2023-03-05 18:58:06.794203
Eletrônicos,Filial 10,Lápis de sobrancelha,40.02,93,2022-11-07 18:58:06.794203
Alimentos,Filial 4,Batom matte,47.55,18,2023-06-23 18:58:06.794203
Alimentos,Filial 3,Delineador líquido,66.22,23,2023-08-13 18:58:06.794203
Eletrodomésticos,Filial 8,Delineador líquido,28.81,74,2023-02-22 18:58:06.794203
Eletrônicos,Filial 7,Base líquida,38.6,53,2023-06-19 18:58:06.794203
Eletrônicos,Filial 5,Corretivo,23.67,79,2022-12-11 18:58:06.794203
Eletrônicos,Filial 2,Base líquida,7.44,78,2023-04-04 18:58:06.794203
Eletrônicos,Filial 7,Máscara de cílios,66.33,85,2023-08-09 18:58:06.794203
Roupas,Filial 8,Corretivo,69.26,6,2023-01-04 18:58:06.794203
Eletrônicos,Filial 9,Batom matte,54.9,62,2023-04-04 18:58:06.794203
Alimentos,Filial 8,Batom líquido,58.95,85,2023-02-03 18:58:06.794203
Eletrodomésticos,Filial 3,Blush em pó,28.04,14,2023-05-28 18:58:06.794203
Roupas,Filial 10,Sombra de olhos,52.67,58,2022-10-10 18:58:06.794203
Roupas,Filial 5,Pó compacto,55.35,82,2022-10-08 18:58:06.794203
Eletrodomésticos,Filial 2,Batom líquido,96.84,73,2023-05-24 18:58:06.794203
Alimentos,Filial 8,Batom matte,78.84,52,2022-09-10 18:58:06.794203
Eletrônicos,Filial 8,Lápis de sobrancelha,58.64,85,2023-06-20 18:58:06.794203
Alimentos,Filial 5,Máscara de cílios,74.82,5,2023-01-26 18:58:06.794203
Alimentos,Filial 8,Sombra de olhos,94.37,88,2023-01-16 18:58:06.794203
Alimentos,Filial 4,Sombra de olhos,20.86,93,2023-02-22 18:58:06.794203
Alimentos,Filial 5,Corretivo,34.21,30,2023-07-08 18:58:06.794203
Eletrônicos,Filial 6,Sombra de olhos,3.1,94,2022-12-12 18:58:06.794203
Roupas,Filial 8,Blush em pó,22.81,38,2023-02-28 18:58:06.794203
Eletrônicos,Filial 1,Batom matte,45.86,82,2023-04-16 18:58:06.794203
Eletrodomésticos,Filial 10,Batom líquido,68.96,41,2022-12-14 18:58:06.794203
Alimentos,Filial 2,Sombra de olhos,5.06,87,2022-12-24 18:58:06.794203
Alimentos,Filial 4,Batom matte,40.19,17,2023-07-23 18:58:06.794203
Roupas,Filial 2,Corretivo,42.97,50,2022-10-18 18:58:06.794203
Eletrodomésticos,Filial 7,Batom matte,12.76,90,2023-04-28 18:58:06.794203
Eletrodomésticos,Filial 3,Blush em pó,2.01,97,2022-10-03 18:58:06.794203
Alimentos,Filial 4,Batom matte,58.82,11,2023-06-19 18:58:06.794203
Roupas,Filial 10,Corretivo,4.81,32,2023-07-16 18:58:06.794203
Eletrodomésticos,Filial 8,Delineador líquido,54.49,92,2023-01-18 18:58:06.794203
Eletrodomésticos,Filial 7,Pó compacto,42.68,86,2023-05-19 18:58:06.794203
Eletrônicos,Filial 3,Lápis de sobrancelha,15.11,54,2023-01-23 18:58:06.794203
Eletrônicos,Filial 4,Blush em pó,88.54,6,2023-07-01 18:58:06.794203
Eletrodomésticos,Filial 9,Blush em pó,82.68,76,2022-12-20 18:58:06.794203
Alimentos,Filial 5,Pó compacto,44.12,4,2023-05-26 18:58:06.794203
Eletrônicos,Filial 5,Lápis de sobrancelha,97.86,1,2023-04-29 18:58:06.794203
Eletrodomésticos,Filial 9,Delineador líquido,79.43,49,2023-08-16 18:58:06.794203
Roupas,Filial 2,Lápis de sobrancelha,8.16,81,2023-04-06 18:58:06.794203
Eletrônicos,Filial 10,Delineador líquido,5.23,26,2023-05-29 18:58:06.794203
Eletrônicos,Filial 5,Máscara de cílios,60.26,93,2023-05-16 18:58:06.794203
Eletrodomésticos,Filial 7,Base líquida,46.93,95,2023-03-20 18:58:06.794203
Roupas,Filial 6,Batom líquido,97.92,81,2023-07-21 18:58:06.794203
Eletrônicos,Filial 7,Lápis de sobrancelha,63.77,14,2023-05-02 18:58:06.794203
Eletrodomésticos,Filial 4,Blush em pó,2.71,53,2023-08-26 18:58:06.794203
Alimentos,Filial 7,Lápis de sobrancelha,18.45,51,2023-05-02 18:58:06.794203
Eletrônicos,Filial 4,Base líquida,85.92,31,2023-05-04 18:58:06.794203
Roupas,Filial 2,Sombra de olhos,14.67,95,2023-02-24 18:58:06.794203
Roupas,Filial 5,Delineador líquido,6.45,77,2023-03-24 18:58:06.794203
Roupas,Filial 8,Máscara de cílios,27.51,53,2023-08-09 18:58:06.794203
Eletrodomésticos,Filial 8,Lápis de sobrancelha,55.34,54,2023-06-28 18:58:06.794203
Eletrodomésticos,Filial 7,Base líquida,21.09,96,2022-09-06 18:58:06.794203
Alimentos,Filial 5,Máscara de cílios,10.54,47,2023-04-30 18:58:06.794203
Alimentos,Filial 7,Sombra de olhos,23.49,38,2023-07-04 18:58:06.794203
Eletrônicos,Filial 1,Pó compacto,60.92,33,2023-03-06 18:58:06.794203
Eletrodomésticos,Filial 3,Batom matte,61.19,14,2022-09-08 18:58:06.794203
Roupas,Filial 6,Corretivo,94.74,44,2023-08-14 18:58:06.794203
Alimentos,Filial 6,Base líquida,2.28,24,2022-12-20 18:58:06.794203
Eletrodomésticos,Filial 5,Pó compacto,36.76,85,2023-01-03 18:58:06.794203
Eletrodomésticos,Filial 9,Lápis de sobrancelha,63.12,29,2023-07-26 18:58:06.794203
Roupas,Filial 8,Corretivo,81.99,70,2023-02-28 18:58:06.794203
Eletrodomésticos,Filial 2,Pó compacto,79.47,68,2023-08-09 18:58:06.794203
Eletrodomésticos,Filial 1,Blush em pó,31.93,43,2023-06-09 18:58:06.794203
Eletrodomésticos,Filial 5,Sombra de olhos,2.96,7,2023-02-15 18:58:06.794203
Roupas,Filial 3,Batom matte,88.32,55,2022-09-14 18:58:06.794203
Eletrônicos,Filial 4,Máscara de cílios,34.04,46,2023-02-05 18:58:06.794203
Eletrodomésticos,Filial 10,Blush em pó,90.69,3,2023-05-13 18:58:06.794203
Eletrodomésticos,Filial 10,Pó compacto,50.86,96,2023-02-15 18:58:06.794203
Roupas,Filial 4,Base líquida,81.99,93,2023-08-27 18:58:06.794203
Eletrônicos,Filial 4,Pó compacto,10.78,4,2023-07-23 18:58:06.794203
Roupas,Filial 7,Delineador líquido,29.41,81,2023-02-20 18:58:06.794203
Eletrônicos,Filial 4,Blush em pó,32.15,91,2023-07-11 18:58:06.794203
Eletrônicos,Filial 4,Delineador líquido,8.07,35,2023-08-13 18:58:06.794203
Eletrônicos,Filial 7,Delineador líquido,77.62,61,2022-11-29 18:58:06.794203
Alimentos,Filial 7,Pó compacto,93.45,97,2022-09-13 18:58:06.794203
Eletrônicos,Filial 6,Lápis de sobrancelha,64.73,36,2022-09-29 18:58:06.794203
Eletrônicos,Filial 8,Corretivo,64.33,94,2022-09-13 18:58:06.794203
Roupas,Filial 9,Delineador líquido,67.26,23,2022-12-26 18:58:06.794203
Eletrodomésticos,Filial 3,Lápis de sobrancelha,16.25,37,2023-08-17 18:58:06.794203
Alimentos,Filial 6,Pó compacto,56.89,32,2023-08-11 18:58:06.794203
Eletrônicos,Filial 1,Máscara de cílios,34.35,10,2022-09-11 18:58:06.794203
Eletrônicos,Filial 1,Base líquida,21.36,55,2023-09-02 18:58:06.794203
Roupas,Filial 7,Corretivo,32.32,38,2023-07-04 18:58:06.794203
Roupas,Filial 6,Lápis de sobrancelha,74.55,24,2023-05-20 18:58:06.794203
Alimentos,Filial 1,Delineador líquido,81.82,4,2023-04-14 18:58:06.794203
Eletrônicos,Filial 4,Base líquida,73.95,74,2023-03-15 18:58:06.794203
Alimentos,Filial 8,Delineador líquido,63.84,63,2023-07-25 18:58:06.794203
Eletrodomésticos,Filial 3,Batom líquido,6.92,92,2023-06-04 18:58:06.794203
Eletrodomésticos,Filial 4,Corretivo,25.15,90,2023-01-12 18:58:06.794203
Roupas,Filial 4,Base líquida,84.33,68,2023-05-10 18:58:06.794203
Alimentos,Filial 10,Pó compacto,61.22,30,2023-08-22 18:58:06.794203
Alimentos,Filial 9,Batom líquido,77.76,18,2023-08-11 18:58:06.794203
Roupas,Filial 10,Batom matte,66.14,51,2023-01-04 18:58:06.794203
Eletrodomésticos,Filial 7,Batom líquido,10.88,32,2023-03-18 18:58:06.794203
Alimentos,Filial 3,Pó compacto,99.7,97,2023-08-11 18:58:06.794203
Alimentos,Filial 2,Máscara de cílios,61.35,41,2023-03-24 18:58:06.794203
Alimentos,Filial 4,Base líquida,17.78,49,2022-10-14 18:58:06.794203
Alimentos,Filial 4,Pó compacto,59.17,40,2023-05-21 18:58:06.794203
Eletrônicos,Filial 5,Base líquida,5.48,78,2022-10-20 18:58:06.794203
Eletrônicos,Filial 5,Base líquida,5.61,5,2023-04-12 18:58:06.794203
Roupas,Filial 10,Sombra de olhos,70.48,48,2022-12-29 18:58:06.794203
Eletrodomésticos,Filial 1,Pó compacto,52.68,24,2023-03-18 18:58:06.794203
Alimentos,Filial 1,Base líquida,31.7,83,2023-05-29 18:58:06.794203
Eletrodomésticos,Filial 1,Corretivo,46.65,27,2023-07-21 18:58:06.794203
Alimentos,Filial 4,Blush em pó,93.55,81,2022-12-28 18:58:06.794203
Roupas,Filial 2,Delineador líquido,97.79,58,2023-01-15 18:58:06.794203
Roupas,Filial 4,Batom matte,50.69,50,2023-04-30 18:58:06.794203
Eletrônicos,Filial 2,Delineador líquido,68.06,14,2022-09-23 18:58:06.794203
Eletrônicos,Filial 7,Delineador líquido,8.06,81,2022-10-22 18:58:06.794203
Alimentos,Filial 5,Blush em pó,97.12,24,2023-05-24 18:58:06.794203
Roupas,Filial 1,Máscara de cílios,48.11,21,2023-07-12 18:58:06.794203
Roupas,Filial 2,Batom matte,72.28,32,2023-05-16 18:58:06.794203
Roupas,Filial 3,Blush em pó,8.66,88,2022-10-14 18:58:06.794203
Alimentos,Filial 7,Lápis de sobrancelha,94.08,94,2022-11-20 18:58:06.794203
Roupas,Filial 4,Corretivo,5.6,49,2023-07-16 18:58:06.794203
Eletrônicos,Filial 3,Pó compacto,22.36,16,2023-01-24 18:58:06.794203
Roupas,Filial 5,Base líquida,3.79,5,2022-12-18 18:58:06.794203
Eletrônicos,Filial 6,Sombra de olhos,41.73,5,2022-11-21 18:58:06.794203
